step,start_cycle,result_cycle,cycles
0,4,1310,1306
1,1311,2617,1306
2,2618,3924,1306
3,3925,5231,1306
4,5232,6538,1306
5,6539,7845,1306
6,7846,9152,1306
7,9153,10459,1306
8,10460,11766,1306
9,11767,13073,1306
10,13074,14380,1306
11,14381,15687,1306
12,15688,16994,1306
13,16995,18301,1306
14,18302,19608,1306
15,19609,20915,1306
16,20916,22222,1306
17,22223,23529,1306
18,23530,24836,1306
19,24837,26143,1306
20,26144,27450,1306
21,27451,28757,1306
22,28758,30064,1306
23,30065,31371,1306
24,31372,32678,1306
25,32679,33985,1306
26,33986,35292,1306
27,35293,36599,1306
28,36600,37906,1306
29,37907,39213,1306
30,39214,40520,1306
31,40521,41827,1306
32,41828,43134,1306
33,43135,44441,1306
34,44442,45748,1306
35,45749,47055,1306
36,47056,48362,1306
37,48363,49669,1306
38,49670,50976,1306
39,50977,52283,1306
40,52284,53590,1306
41,53591,54897,1306
42,54898,56204,1306
43,56205,57511,1306
44,57512,58818,1306
45,58819,60125,1306
46,60126,61432,1306
47,61433,62739,1306
48,62740,64046,1306
49,64047,65353,1306
50,65354,66660,1306
51,66661,67967,1306
52,67968,69274,1306
53,69275,70581,1306
54,70582,71888,1306
55,71889,73195,1306
56,73196,74502,1306
57,74503,75809,1306
58,75810,77116,1306
59,77117,78423,1306
60,78424,79730,1306
61,79731,81037,1306
62,81038,82344,1306
63,82345,83651,1306
64,83652,84958,1306
65,84959,86265,1306
66,86266,87572,1306
67,87573,88879,1306
68,88880,90186,1306
69,90187,91493,1306
70,91494,92800,1306
71,92801,94107,1306
72,94108,95414,1306
73,95415,96721,1306
74,96722,98028,1306
75,98029,99335,1306
76,99336,100642,1306
77,100643,101949,1306
78,101950,103256,1306
79,103257,104563,1306
80,104564,105870,1306
81,105871,107177,1306
82,107178,108484,1306
83,108485,109791,1306
84,109792,111098,1306
85,111099,112405,1306
86,112406,113712,1306
87,113713,115019,1306
88,115020,116326,1306
89,116327,117633,1306
90,117634,118940,1306
91,118941,120247,1306
92,120248,121554,1306
93,121555,122861,1306
94,122862,124168,1306
95,124169,125475,1306
96,125476,126782,1306
97,126783,128089,1306
98,128090,129396,1306
99,129397,130703,1306
100,130704,132010,1306
101,132011,133317,1306
102,133318,134624,1306
103,134625,135931,1306
104,135932,137238,1306
105,137239,138545,1306
106,138546,139852,1306
107,139853,141159,1306
108,141160,142466,1306
109,142467,143773,1306
110,143774,145080,1306
111,145081,146387,1306
112,146388,147694,1306
113,147695,149001,1306
114,149002,150308,1306
115,150309,151615,1306
116,151616,152922,1306
117,152923,154229,1306
118,154230,155536,1306
119,155537,156843,1306
120,156844,158150,1306
121,158151,159457,1306
122,159458,160764,1306
123,160765,162071,1306
124,162072,163378,1306
125,163379,164685,1306
126,164686,165992,1306
127,165993,167299,1306
128,167300,168606,1306
129,168607,169913,1306
130,169914,171220,1306
131,171221,172527,1306
132,172528,173834,1306
133,173835,175141,1306
134,175142,176448,1306
135,176449,177755,1306
136,177756,179062,1306
137,179063,180369,1306
138,180370,181676,1306
139,181677,182983,1306
140,182984,184290,1306
141,184291,185597,1306
142,185598,186904,1306
143,186905,188211,1306
144,188212,189518,1306
145,189519,190825,1306
146,190826,192132,1306
147,192133,193439,1306
148,193440,194746,1306
149,194747,196053,1306
150,196054,197360,1306
151,197361,198667,1306
152,198668,199974,1306
153,199975,201281,1306
154,201282,202588,1306
155,202589,203895,1306
156,203896,205202,1306
157,205203,206509,1306
158,206510,207816,1306
159,207817,209123,1306
160,209124,210430,1306
161,210431,211737,1306
162,211738,213044,1306
163,213045,214351,1306
164,214352,215658,1306
165,215659,216965,1306
166,216966,218272,1306
167,218273,219579,1306
168,219580,220886,1306
169,220887,222193,1306
170,222194,223500,1306
171,223501,224807,1306
172,224808,226114,1306
173,226115,227421,1306
174,227422,228728,1306
175,228729,230035,1306
176,230036,231342,1306
177,231343,232649,1306
178,232650,233956,1306
179,233957,235263,1306
180,235264,236570,1306
181,236571,237877,1306
182,237878,239184,1306
183,239185,240491,1306
184,240492,241798,1306
185,241799,243105,1306
186,243106,244412,1306
187,244413,245719,1306
188,245720,247026,1306
189,247027,248333,1306
190,248334,249640,1306
191,249641,250947,1306
192,250948,252254,1306
193,252255,253561,1306
194,253562,254868,1306
195,254869,256175,1306
196,256176,257482,1306
197,257483,258789,1306
198,258790,260096,1306
199,260097,261403,1306
200,261404,262710,1306
201,262711,264017,1306
202,264018,265324,1306
203,265325,266631,1306
204,266632,267938,1306
205,267939,269245,1306
206,269246,270552,1306
207,270553,271859,1306
208,271860,273166,1306
209,273167,274473,1306
210,274474,275780,1306
211,275781,277087,1306
212,277088,278394,1306
213,278395,279701,1306
214,279702,281008,1306
215,281009,282315,1306
216,282316,283622,1306
217,283623,284929,1306
218,284930,286236,1306
219,286237,287543,1306
220,287544,288850,1306
221,288851,290157,1306
222,290158,291464,1306
223,291465,292771,1306
224,292772,294078,1306
225,294079,295385,1306
226,295386,296692,1306
227,296693,297999,1306
228,298000,299306,1306
229,299307,300613,1306
230,300614,301920,1306
231,301921,303227,1306
232,303228,304534,1306
233,304535,305841,1306
234,305842,307148,1306
235,307149,308455,1306
236,308456,309762,1306
237,309763,311069,1306
238,311070,312376,1306
239,312377,313683,1306
240,313684,314990,1306
241,314991,316297,1306
242,316298,317604,1306
243,317605,318911,1306
244,318912,320218,1306
245,320219,321525,1306
246,321526,322832,1306
247,322833,324139,1306
248,324140,325446,1306
249,325447,326753,1306
250,326754,328060,1306
251,328061,329367,1306
252,329368,330674,1306
253,330675,331981,1306
254,331982,333288,1306
255,333289,334595,1306
256,334596,335902,1306
257,335903,337209,1306
258,337210,338516,1306
259,338517,339823,1306
260,339824,341130,1306
261,341131,342437,1306
262,342438,343744,1306
263,343745,345051,1306
264,345052,346358,1306
265,346359,347665,1306
266,347666,348972,1306
267,348973,350279,1306
268,350280,351586,1306
269,351587,352893,1306
270,352894,354200,1306
271,354201,355507,1306
272,355508,356814,1306
273,356815,358121,1306
274,358122,359428,1306
275,359429,360735,1306
276,360736,362042,1306
277,362043,363349,1306
278,363350,364656,1306
279,364657,365963,1306
280,365964,367270,1306
281,367271,368577,1306
282,368578,369884,1306
283,369885,371191,1306
284,371192,372498,1306
285,372499,373805,1306
286,373806,375112,1306
287,375113,376419,1306
288,376420,377726,1306
289,377727,379033,1306
290,379034,380340,1306
291,380341,381647,1306
292,381648,382954,1306
293,382955,384261,1306
294,384262,385568,1306
295,385569,386875,1306
296,386876,388182,1306
297,388183,389489,1306
298,389490,390796,1306
299,390797,392103,1306
300,392104,393410,1306
301,393411,394717,1306
302,394718,396024,1306
303,396025,397331,1306
304,397332,398638,1306
305,398639,399945,1306
306,399946,401252,1306
307,401253,402559,1306
308,402560,403866,1306
309,403867,405173,1306
310,405174,406480,1306
311,406481,407787,1306
312,407788,409094,1306
313,409095,410401,1306
314,410402,411708,1306
315,411709,413015,1306
316,413016,414322,1306
317,414323,415629,1306
318,415630,416936,1306
319,416937,418243,1306
320,418244,419550,1306
321,419551,420857,1306
322,420858,422164,1306
323,422165,423471,1306
324,423472,424778,1306
325,424779,426085,1306
326,426086,427392,1306
327,427393,428699,1306
328,428700,430006,1306
329,430007,431313,1306
330,431314,432620,1306
331,432621,433927,1306
332,433928,435234,1306
333,435235,436541,1306
334,436542,437848,1306
335,437849,439155,1306
336,439156,440462,1306
337,440463,441769,1306
338,441770,443076,1306
339,443077,444383,1306
340,444384,445690,1306
341,445691,446997,1306
342,446998,448304,1306
343,448305,449611,1306
344,449612,450918,1306
345,450919,452225,1306
346,452226,453532,1306
347,453533,454839,1306
348,454840,456146,1306
349,456147,457453,1306
350,457454,458760,1306
351,458761,460067,1306
352,460068,461374,1306
353,461375,462681,1306
354,462682,463988,1306
355,463989,465295,1306
356,465296,466602,1306
357,466603,467909,1306
358,467910,469216,1306
359,469217,470523,1306
360,470524,471830,1306
361,471831,473137,1306
362,473138,474444,1306
363,474445,475751,1306
364,475752,477058,1306
365,477059,478365,1306
366,478366,479672,1306
367,479673,480979,1306
368,480980,482286,1306
369,482287,483593,1306
370,483594,484900,1306
371,484901,486207,1306
372,486208,487514,1306
373,487515,488821,1306
374,488822,490128,1306
375,490129,491435,1306
376,491436,492742,1306
377,492743,494049,1306
378,494050,495356,1306
379,495357,496663,1306
380,496664,497970,1306
381,497971,499277,1306
382,499278,500584,1306
383,500585,501891,1306
384,501892,503198,1306
385,503199,504505,1306
386,504506,505812,1306
387,505813,507119,1306
388,507120,508426,1306
389,508427,509733,1306
390,509734,511040,1306
391,511041,512347,1306
392,512348,513654,1306
393,513655,514961,1306
394,514962,516268,1306
395,516269,517575,1306
396,517576,518882,1306
397,518883,520189,1306
398,520190,521496,1306
399,521497,522803,1306
400,522804,524110,1306
401,524111,525417,1306
402,525418,526724,1306
403,526725,528031,1306
404,528032,529338,1306
405,529339,530645,1306
406,530646,531952,1306
407,531953,533259,1306
408,533260,534566,1306
409,534567,535873,1306
410,535874,537180,1306
411,537181,538487,1306
412,538488,539794,1306
413,539795,541101,1306
414,541102,542408,1306
415,542409,543715,1306
416,543716,545022,1306
417,545023,546329,1306
418,546330,547636,1306
419,547637,548943,1306
420,548944,550250,1306
421,550251,551557,1306
422,551558,552864,1306
423,552865,554171,1306
424,554172,555478,1306
425,555479,556785,1306
426,556786,558092,1306
427,558093,559399,1306
428,559400,560706,1306
429,560707,562013,1306
430,562014,563320,1306
431,563321,564627,1306
432,564628,565934,1306
433,565935,567241,1306
434,567242,568548,1306
435,568549,569855,1306
436,569856,571162,1306
437,571163,572469,1306
438,572470,573776,1306
439,573777,575083,1306
440,575084,576390,1306
441,576391,577697,1306
442,577698,579004,1306
443,579005,580311,1306
444,580312,581618,1306
445,581619,582925,1306
446,582926,584232,1306
447,584233,585539,1306
448,585540,586846,1306
449,586847,588153,1306
450,588154,589460,1306
451,589461,590767,1306
452,590768,592074,1306
453,592075,593381,1306
454,593382,594688,1306
455,594689,595995,1306
456,595996,597302,1306
457,597303,598609,1306
458,598610,599916,1306
459,599917,601223,1306
460,601224,602530,1306
461,602531,603837,1306
462,603838,605144,1306
463,605145,606451,1306
464,606452,607758,1306
465,607759,609065,1306
466,609066,610372,1306
467,610373,611679,1306
468,611680,612986,1306
469,612987,614293,1306
470,614294,615600,1306
471,615601,616907,1306
472,616908,618214,1306
473,618215,619521,1306
474,619522,620828,1306
475,620829,622135,1306
476,622136,623442,1306
477,623443,624749,1306
478,624750,626056,1306
479,626057,627363,1306
480,627364,628670,1306
481,628671,629977,1306
482,629978,631284,1306
483,631285,632591,1306
484,632592,633898,1306
485,633899,635205,1306
486,635206,636512,1306
487,636513,637819,1306
488,637820,639126,1306
489,639127,640433,1306
490,640434,641740,1306
491,641741,643047,1306
492,643048,644354,1306
493,644355,645661,1306
494,645662,646968,1306
495,646969,648275,1306
496,648276,649582,1306
497,649583,650889,1306
498,650890,652196,1306
499,652197,653503,1306
