step,cycles,threshold_0_int,threshold_1_int,threshold_2_int,observation_0,observation_1,observation_2,state_0_int,state_1_int,state_2_int,cov_00_int,cov_01_int,cov_02_int,cov_10_int,cov_11_int,cov_12_int,cov_20_int,cov_21_int,cov_22_int,overflow,numeric_error,solver_error
0,1306,68612,98543,65028,1,-1,1,95350,61445,112465,20269,8884,251,8884,32079,67,251,67,25197,0,0,0
1,1306,93378,105728,110712,1,1,-1,124124,155287,84388,8201,6753,234,6753,18351,139,234,139,11514,0,0,0
2,1306,135494,217124,92824,-1,-1,-1,113621,178418,75080,4192,4938,301,4938,11850,273,301,273,6369,0,0,0
3,1306,130715,236763,84621,1,-1,-1,127407,224746,73861,2589,3816,298,3816,8593,339,298,339,4091,0,0,0
4,1306,151084,290910,89026,-1,1,1,154953,301202,96910,1861,3133,313,3133,6865,421,313,421,2913,0,0,0
5,1306,188613,379961,122842,-1,-1,1,178866,359645,126433,1494,2686,355,2686,5823,537,355,537,2246,0,0,0
6,1306,219575,447223,162485,-1,1,1,223457,456080,167935,1291,2383,404,2383,5135,656,404,656,1846,0,0,0
7,1306,274952,558925,226530,-1,1,-1,276305,563268,223192,1165,2154,478,2154,4610,808,478,808,1622,0,0,0
8,1306,338868,679209,313895,1,-1,1,338006,675967,316776,1078,1964,570,1964,4157,979,570,979,1529,0,0,0
9,1306,410142,794919,449158,1,-1,-1,406341,786871,443886,1008,1778,673,1778,3689,1144,673,1144,1546,0,0,0
10,1306,485120,892986,626435,1,1,-1,489663,902078,627453,943,1581,777,1581,3184,1273,777,1273,1659,0,0,0
11,1306,570622,966949,873290,-1,1,-1,569638,966819,869667,875,1358,875,1358,2613,1331,875,1331,1859,0,0,0
12,1306,640487,949787,1161495,-1,-1,-1,633097,938438,1150346,802,1107,941,1107,2008,1259,941,1259,2093,0,0,0
13,1306,676864,807771,1438980,1,1,1,683379,816382,1449992,723,846,947,846,1448,1032,947,1032,2266,0,0,0
14,1306,683726,555726,1681409,-1,-1,1,682868,553395,1683389,639,596,883,596,1008,683,883,683,2291,0,0,0
15,1306,627821,213645,1782267,-1,-1,1,627305,211487,1785045,558,401,743,401,759,312,743,312,2099,0,0,0
16,1306,520779,-118795,1736755,-1,1,1,521742,-117698,1739966,491,292,563,292,679,39,563,39,1752,0,0,0
17,1306,382253,-365586,1595807,1,-1,1,383702,-366920,1600600,447,268,386,268,691,-98,386,-98,1380,0,0,0
18,1306,233731,-513574,1433499,-1,-1,1,232456,-516600,1436049,432,303,234,303,735,-144,234,-144,1081,0,0,0
19,1306,90567,-582961,1299005,-1,1,-1,90117,-581457,1296059,440,371,109,371,799,-160,109,-160,882,0,0,0
20,1306,-33055,-599660,1208430,-1,-1,1,-35391,-603544,1210862,465,451,3,451,881,-184,3,-184,769,0,0,0
21,1306,-137326,-595532,1170170,1,-1,-1,-137183,-596093,1168674,498,530,-94,530,972,-231,-94,-231,723,0,0,0
22,1306,-217873,-572128,1163553,-1,-1,-1,-220291,-575602,1162935,532,596,-187,596,1055,-298,-187,-298,727,0,0,0
23,1306,-280940,-537443,1182094,1,1,1,-278548,-533895,1182411,562,642,-273,641,1110,-373,-273,-373,770,0,0,0
24,1306,-319872,-481935,1210730,1,-1,-1,-319210,-482029,1208839,584,665,-347,665,1129,-437,-347,-437,834,0,0,0
25,1306,-342622,-417427,1236303,-1,-1,-1,-344829,-420775,1236249,596,668,-402,668,1116,-479,-402,-479,901,0,0,0
26,1306,-351574,-345828,1254986,-1,1,1,-352542,-345986,1257287,600,656,-437,656,1083,-494,-437,-494,956,0,0,0
27,1306,-343872,-265967,1259930,1,-1,1,-345140,-268280,1262566,598,637,-450,637,1045,-486,-450,-486,987,0,0,0
28,1306,-323888,-190047,1247210,-1,-1,-1,-325864,-193062,1246990,594,622,-444,622,1017,-462,-444,-462,989,0,0,0
29,1306,-295258,-123239,1215365,-1,1,1,-296266,-123318,1217814,591,616,-424,616,1010,-432,-424,-432,965,0,0,0
30,1306,-259540,-65720,1173070,1,-1,-1,-258626,-65739,1170730,591,624,-394,624,1029,-402,-394,-402,921,0,0,0
31,1306,-219703,-23012,1118012,1,-1,1,-220766,-25094,1120289,597,648,-359,648,1078,-376,-359,-376,867,0,0,0
32,1306,-182556,4744,1064284,1,-1,1,-183596,2617,1066447,608,686,-322,686,1153,-353,-322,-353,810,0,0,0
33,1306,-148120,21715,1010277,-1,-1,-1,-150891,17444,1009938,625,736,-286,736,1252,-332,-286,-332,754,0,0,0
34,1306,-119435,28299,955779,1,1,-1,-115077,34678,952528,647,797,-253,797,1372,-312,-253,-312,704,0,0,0
35,1306,-87585,39300,900765,1,-1,-1,-87551,38332,899272,672,866,-219,866,1511,-288,-219,-288,657,0,0,0
36,1306,-64716,39292,850701,1,-1,-1,-64883,38041,849324,699,937,-187,938,1661,-261,-187,-261,616,0,0,0
37,1306,-46394,37022,803868,1,-1,-1,-46758,35472,802581,728,1011,-158,1011,1819,-231,-158,-231,583,0,0,0
38,1306,-32087,33603,760008,-1,1,-1,-30874,36481,758406,757,1084,-130,1084,1978,-199,-130,-199,555,0,0,0
39,1306,-18888,34637,718430,1,-1,-1,-19621,32458,717239,785,1155,-104,1155,2134,-166,-104,-166,533,0,0,0
40,1306,-10366,30951,679659,1,-1,1,-11669,27803,681115,810,1221,-81,1221,2283,-133,-81,-133,515,0,0,0
41,1306,-4648,26802,645581,-1,1,1,-3592,29581,646745,833,1281,-61,1281,2420,-103,-61,-103,501,0,0,0
42,1306,2385,29500,613117,-1,-1,1,-3396,19235,614666,854,1336,-42,1336,2549,-73,-42,-73,491,0,0,0
43,1306,659,18990,582713,1,-1,-1,-647,15715,581547,871,1384,-29,1384,2665,-53,-29,-53,483,0,0,0
44,1306,2313,15853,551342,1,1,1,8275,26680,552414,886,1429,-19,1429,2773,-36,-19,-36,477,0,0,0
45,1306,11782,28701,523871,1,-1,-1,10274,25002,522688,899,1468,-6,1468,2871,-12,-6,-12,472,0,0,0
46,1306,13166,27575,495709,-1,1,-1,14755,31466,494523,909,1502,6,1502,2960,7,6,7,468,0,0,0
47,1306,18128,35355,469142,1,-1,-1,16437,31263,467930,919,1534,17,1534,3045,28,17,28,466,0,0,0
48,1306,19531,35802,443955,-1,-1,-1,12987,23492,442585,927,1562,27,1562,3121,46,27,46,464,0,0,0
49,1306,15229,27261,419797,-1,-1,1,8750,14961,420757,934,1588,30,1588,3192,54,30,54,462,0,0,0
50,1306,10115,17604,398988,-1,-1,1,3556,5073,399945,940,1611,29,1611,3257,54,29,54,460,0,0,0
51,1306,3929,6170,379183,1,1,-1,10572,18932,378196,946,1632,24,1632,3317,46,24,46,458,0,0,0
52,1306,12405,22425,358684,1,1,1,19236,35622,360052,952,1654,26,1654,3378,50,26,50,458,0,0,0
53,1306,22803,42226,341796,1,1,-1,29547,55326,340897,956,1671,35,1671,3427,68,35,68,457,0,0,0
54,1306,35169,65837,324252,-1,-1,1,28424,52668,325034,960,1688,51,1688,3477,98,51,98,459,0,0,0
55,1306,33757,63054,309128,-1,1,1,35898,68205,310454,962,1702,62,1702,3518,119,62,119,460,0,0,0
56,1306,42970,81686,295925,-1,1,1,45175,86975,297286,965,1713,78,1713,3554,147,78,147,462,0,0,0
57,1306,54317,104342,284411,1,1,-1,61072,117699,283963,966,1723,97,1722,3585,185,97,185,465,0,0,0
58,1306,73499,141677,273911,1,1,1,80843,156200,276062,968,1731,125,1731,3611,239,125,239,472,0,0,0
59,1306,97398,188308,269981,1,1,1,104851,203068,272457,969,1736,163,1736,3629,313,163,313,485,0,0,0
60,1306,126427,244880,272231,-1,1,1,129028,250976,274042,969,1736,212,1736,3630,407,212,407,506,0,0,0
61,1306,155755,302187,280983,-1,-1,1,149448,289640,280323,966,1729,269,1729,3612,516,269,516,539,0,0,0
62,1306,180151,348169,294049,1,1,-1,186268,360312,295043,960,1712,326,1712,3568,626,326,626,582,0,0,0
63,1306,224221,431074,323506,1,1,-1,230049,442587,324854,951,1682,398,1682,3488,757,398,757,646,0,0,0
64,1306,276033,524793,374211,1,1,1,283951,540093,379717,937,1636,483,1636,3360,907,483,907,742,0,0,0
65,1306,338582,630136,459196,-1,1,-1,338830,631672,458231,915,1559,579,1559,3153,1062,579,1062,880,0,0,0
66,1306,400005,720075,571740,-1,-1,-1,392176,705719,564132,885,1455,676,1455,2874,1197,676,1197,1060,0,0,0
67,1306,455808,779144,710286,1,-1,-1,452556,772614,705607,846,1323,762,1323,2530,1283,762,1283,1269,0,0,0
68,1306,514485,813669,886871,1,-1,1,515658,814454,889501,800,1162,833,1162,2128,1301,833,1301,1503,0,0,0
69,1306,568598,798627,1098659,1,1,1,575317,808700,1108600,744,974,877,974,1691,1225,877,1225,1735,0,0,0
70,1306,608937,711338,1324169,-1,-1,-1,602904,703386,1314210,681,770,881,770,1263,1041,881,1041,1921,0,0,0
71,1306,605248,529469,1483560,-1,-1,-1,600040,523608,1474293,612,578,828,578,923,772,828,772,1981,0,0,0
72,1306,565581,301015,1562451,1,-1,-1,564006,299023,1558140,546,426,723,426,711,486,723,486,1891,0,0,0
73,1306,494699,71665,1555373,-1,-1,-1,491083,68600,1548881,490,330,589,330,620,249,589,249,1682,0,0,0
74,1306,396844,-118792,1473649,-1,-1,-1,393777,-121369,1468577,452,295,450,295,613,99,450,99,1421,0,0,0
75,1306,288346,-249385,1358198,-1,-1,-1,285602,-251920,1354272,435,311,326,311,655,26,326,26,1177,0,0,0
76,1306,181368,-325069,1242048,-1,-1,1,179893,-327868,1244012,438,362,222,362,728,-4,222,-4,982,0,0,0
77,1306,84730,-362903,1148217,1,-1,-1,84432,-363863,1146465,459,435,136,435,827,-23,136,-23,840,0,0,0
78,1306,2240,-376199,1073142,1,-1,-1,2005,-377186,1071514,492,521,60,521,952,-48,60,-48,743,0,0,0
79,1306,-66579,-378086,1019412,-1,1,-1,-66338,-376600,1017460,532,612,-11,612,1096,-91,-11,-91,682,0,0,0
80,1306,-121984,-372642,982659,1,-1,1,-122525,-374454,984506,575,700,-80,700,1246,-152,-80,-152,650,0,0,0
81,1306,-167439,-368494,963121,-1,1,1,-167377,-367492,964555,615,780,-150,780,1386,-230,-150,-230,644,0,0,0
82,1306,-202856,-360643,952833,1,-1,-1,-202825,-361561,951404,651,847,-218,847,1505,-315,-218,-315,659,0,0,0
83,1306,-230800,-354304,946901,-1,1,-1,-229490,-351445,944814,680,899,-282,899,1594,-401,-282,-401,691,0,0,0
84,1306,-250785,-343716,944545,-1,1,1,-251013,-343031,946037,702,934,-339,934,1651,-480,-339,-480,732,0,0,0
85,1306,-266797,-334055,948567,-1,1,1,-267140,-333533,950130,716,955,-388,955,1679,-547,-388,-547,778,0,0,0
86,1306,-278150,-323090,953888,1,1,-1,-272705,-314724,949128,725,962,-427,962,1684,-600,-427,-600,824,0,0,0
87,1306,-279307,-304179,950744,1,-1,1,-281095,-307682,953433,728,962,-455,962,1677,-635,-455,-635,863,0,0,0
88,1306,-284798,-295971,955015,-1,-1,1,-290365,-304420,960241,728,956,-475,956,1659,-658,-475,-658,897,0,0,0
89,1306,-291644,-291024,962398,-1,-1,-1,-294696,-295957,963015,726,945,-490,945,1635,-672,-490,-672,926,0,0,0
90,1306,-293613,-281835,964187,1,1,1,-290617,-277009,963582,722,933,-498,933,1608,-679,-498,-679,949,0,0,0
91,1306,-286853,-263094,960640,-1,1,-1,-285021,-259608,957699,717,922,-499,922,1588,-677,-499,-677,961,0,0,0
92,1306,-279247,-247073,951195,1,1,-1,-273774,-238917,945719,713,915,-495,915,1577,-669,-495,-669,963,0,0,0
93,1306,-266543,-229007,934824,1,-1,-1,-265857,-229084,932837,711,915,-486,915,1579,-657,-486,-657,955,0,0,0
94,1306,-258500,-221584,920038,1,-1,1,-260289,-225019,922922,711,921,-476,921,1594,-647,-476,-647,942,0,0,0
95,1306,-253362,-219283,909344,-1,-1,-1,-256398,-224210,909808,712,929,-467,929,1614,-639,-467,-639,929,0,0,0
96,1306,-250243,-220613,896377,1,1,1,-247153,-215576,895910,715,941,-460,941,1641,-635,-460,-635,918,0,0,0
97,1306,-241305,-214241,880811,-1,1,-1,-239508,-210719,878015,719,954,-452,954,1673,-630,-452,-630,904,0,0,0
98,1306,-234415,-212068,862291,-1,-1,-1,-237660,-217407,862775,724,971,-444,971,1712,-626,-444,-626,888,0,0,0
99,1306,-234321,-220945,848691,-1,1,-1,-232497,-217314,845934,731,989,-439,989,1752,-628,-439,-628,877,0,0,0
100,1306,-230289,-223192,832152,1,1,-1,-224656,-214316,827170,738,1009,-436,1009,1796,-631,-436,-631,867,0,0,0
101,1306,-223558,-222605,813058,-1,-1,1,-229258,-231670,818012,745,1030,-433,1030,1842,-634,-433,-634,856,0,0,0
102,1306,-230590,-241399,807463,-1,-1,1,-236366,-250642,812445,752,1048,-436,1048,1882,-644,-436,-644,853,0,0,0
103,1306,-239944,-261443,805963,1,-1,1,-241907,-265391,808743,757,1062,-444,1062,1911,-660,-444,-660,857,0,0,0
104,1306,-247222,-276953,805509,1,-1,-1,-246889,-277484,803883,762,1072,-454,1072,1931,-679,-454,-679,867,0,0,0
105,1306,-253579,-289973,803569,-1,-1,-1,-257159,-296012,804320,765,1077,-465,1077,1942,-698,-465,-698,880,0,0,0
106,1306,-265375,-308844,808635,1,1,1,-261835,-302867,807838,766,1078,-480,1078,1942,-720,-480,-720,900,0,0,0
107,1306,-270403,-315303,813877,-1,-1,-1,-273894,-321196,814696,765,1075,-493,1075,1934,-738,-493,-738,919,0,0,0
108,1306,-283531,-332896,825599,-1,-1,-1,-286953,-338663,826442,764,1068,-509,1068,1915,-757,-509,-757,945,0,0,0
109,1306,-297233,-348643,842223,1,-1,-1,-296677,-348848,840385,759,1054,-526,1054,1881,-775,-526,-775,976,0,0,0
110,1306,-306833,-356472,859113,1,-1,-1,-306199,-356572,857180,753,1035,-541,1035,1838,-787,-541,-787,1007,0,0,0
111,1306,-315740,-361138,878275,1,-1,1,-317879,-365230,881592,746,1013,-553,1013,1788,-794,-553,-794,1039,0,0,0
112,1306,-326443,-365036,905288,-1,1,-1,-324310,-361009,901901,736,985,-564,985,1728,-795,-564,-795,1070,0,0,0
113,1306,-330566,-356714,924792,1,-1,-1,-329723,-356572,922559,726,956,-570,956,1668,-788,-570,-788,1096,0,0,0
114,1306,-333797,-348022,944350,-1,1,-1,-331747,-344222,940922,715,927,-571,927,1607,-774,-571,-774,1116,0,0,0
115,1306,-332885,-331977,959412,-1,1,-1,-330890,-328305,955997,705,900,-567,900,1553,-754,-567,-754,1126,0,0,0
116,1306,-329026,-313184,970100,1,-1,-1,-328078,-312962,967650,696,878,-560,878,1508,-731,-560,-731,1128,0,0,0
117,1306,-323747,-295797,977408,1,-1,1,-325624,-299231,980725,687,859,-549,859,1472,-707,-549,-707,1122,0,0,0
118,1306,-319042,-279764,986494,-1,-1,-1,-321594,-283911,986777,681,844,-537,844,1443,-683,-537,-683,1112,0,0,0
119,1306,-312891,-263654,988484,-1,-1,-1,-315429,-267772,988700,676,834,-523,834,1425,-660,-523,-660,1096,0,0,0
120,1306,-304948,-247686,986210,-1,-1,1,-310123,-255114,991933,674,829,-509,829,1418,-639,-509,-639,1077,0,0,0
121,1306,-298283,-234890,986068,1,1,-1,-293144,-227510,980475,672,829,-496,828,1417,-621,-496,-621,1055,0,0,0
122,1306,-279693,-210659,968007,-1,-1,-1,-282342,-214952,968156,673,835,-479,835,1432,-603,-479,-603,1025,0,0,0
123,1306,-268842,-200928,952934,1,1,-1,-263723,-193464,947662,676,847,-463,847,1458,-589,-463,-589,995,0,0,0
124,1306,-250101,-183769,927991,1,1,1,-247255,-179150,927829,682,865,-445,865,1498,-576,-445,-576,960,0,0,0
125,1306,-234367,-173100,905399,-1,1,1,-234923,-172804,907398,689,889,-428,889,1550,-566,-428,-566,925,0,0,0
126,1306,-223422,-169994,884011,1,1,1,-220318,-164910,883796,700,918,-415,918,1611,-560,-415,-560,893,0,0,0
127,1306,-210348,-165475,859261,1,1,1,-207083,-160098,858996,711,950,-402,950,1678,-555,-402,-555,862,0,0,0
128,1306,-198926,-163777,834001,1,-1,-1,-198632,-164392,832302,724,985,-389,985,1752,-552,-389,-552,833,0,0,0
129,1306,-193063,-171179,808537,-1,1,1,-193273,-170450,810150,738,1021,-381,1021,1830,-553,-381,-553,808,0,0,0
130,1306,-189999,-179699,787825,-1,-1,1,-195637,-188797,792262,751,1057,-376,1057,1908,-558,-376,-558,789,0,0,0
131,1306,-195467,-200349,773389,1,-1,1,-197305,-204153,775895,764,1089,-379,1089,1978,-571,-379,-571,779,0,0,0
132,1306,-199806,-217825,759997,-1,1,-1,-197892,-213862,757463,775,1117,-385,1117,2038,-589,-385,-589,774,0,0,0
133,1306,-202259,-229826,743867,1,1,-1,-196265,-219893,739293,785,1142,-393,1142,2093,-608,-393,-608,773,0,0,0
134,1306,-202211,-237959,727250,1,1,-1,-196114,-227782,722607,793,1163,-401,1163,2142,-626,-401,-626,773,0,0,0
135,1306,-203698,-247894,712454,1,-1,1,-205776,-252213,715077,799,1182,-408,1182,2185,-645,-408,-645,776,0,0,0
136,1306,-216208,-274266,709829,-1,-1,1,-222471,-284833,714681,804,1196,-422,1196,2217,-671,-422,-671,787,0,0,0
137,1306,-235940,-308644,716560,-1,-1,-1,-240012,-315733,717469,806,1201,-444,1201,2226,-706,-444,-706,809,0,0,0
138,1306,-256019,-340830,726874,1,1,-1,-249615,-330055,721554,807,1197,-471,1197,2215,-747,-471,-747,843,0,0,0
139,1306,-266512,-355391,734796,-1,1,1,-266747,-354722,736279,805,1188,-495,1188,2193,-782,-495,-782,879,0,0,0
140,1306,-284916,-379112,756179,1,1,-1,-278478,-368414,750350,800,1171,-521,1171,2150,-817,-521,-817,922,0,0,0
141,1306,-296866,-391251,774291,-1,1,1,-297311,-390910,775975,792,1148,-544,1148,2096,-844,-544,-844,966,0,0,0
142,1306,-316042,-410229,806692,-1,-1,1,-322415,-420586,813014,782,1117,-567,1117,2022,-866,-567,-866,1015,0,0,0
143,1306,-341400,-433637,853209,1,1,-1,-335101,-423592,846620,769,1074,-592,1074,1923,-883,-592,-883,1075,0,0,0
144,1306,-351732,-429984,888412,-1,-1,1,-357912,-439633,895191,753,1027,-610,1027,1819,-884,-610,-884,1129,0,0,0
145,1306,-372340,-435297,942994,1,1,1,-369541,-430645,942178,736,973,-626,973,1700,-876,-626,-876,1185,0,0,0
146,1306,-379229,-415451,987695,-1,1,1,-380317,-415896,990287,716,917,-632,917,1579,-850,-632,-850,1230,0,0,0
147,1306,-384309,-389150,1031686,-1,1,1,-385486,-389649,1034460,696,860,-629,860,1463,-809,-629,-809,1261,0,0,0
148,1306,-382822,-352492,1067809,-1,1,-1,-380875,-349090,1064137,676,807,-617,807,1359,-757,-617,-757,1273,0,0,0
149,1306,-371142,-306144,1085034,1,-1,1,-372971,-309303,1088586,657,764,-595,764,1279,-701,-595,-701,1264,0,0,0
150,1306,-357097,-262376,1097340,1,1,1,-355028,-259015,1097422,641,730,-566,730,1220,-644,-566,-644,1236,0,0,0
151,1306,-333391,-213197,1091860,1,1,1,-331316,-209836,1092046,630,710,-531,710,1188,-591,-531,-591,1190,0,0,0
152,1306,-305495,-168768,1073835,1,1,-1,-300811,-162511,1068255,624,705,-494,705,1184,-545,-494,-545,1132,0,0,0
153,1306,-272745,-129928,1039709,-1,1,-1,-271317,-127326,1036820,624,717,-456,717,1211,-508,-456,-508,1064,0,0,0
154,1306,-243019,-103228,1002009,1,-1,1,-244402,-105830,1004735,630,741,-420,741,1264,-480,-420,-480,996,0,0,0
155,1306,-217752,-88863,966895,-1,-1,-1,-220407,-93127,966689,641,776,-388,776,1336,-460,-388,-460,932,0,0,0
156,1306,-196427,-82805,928021,1,-1,-1,-195943,-83251,926006,657,820,-360,820,1425,-446,-360,-446,874,0,0,0
157,1306,-175143,-78822,887222,1,1,-1,-170300,-71519,883124,676,872,-336,872,1529,-436,-336,-436,822,0,0,0
158,1306,-152479,-71989,844328,-1,1,1,-152654,-71178,846005,697,928,-313,928,1646,-425,-313,-425,774,0,0,0
159,1306,-138286,-74992,808467,1,-1,-1,-138260,-76003,806923,719,987,-294,987,1770,-416,-294,-416,733,0,0,0
160,1306,-127635,-82745,771277,1,1,-1,-122301,-74080,767711,742,1046,-278,1046,1897,-410,-278,-410,699,0,0,0
161,1306,-114410,-82966,733301,1,-1,1,-116005,-86444,735379,764,1105,-264,1105,2025,-403,-264,-403,668,0,0,0
162,1306,-111669,-97267,703275,-1,-1,1,-117364,-106879,706618,785,1160,-254,1160,2149,-400,-254,-400,644,0,0,0
163,1306,-116684,-120043,677583,-1,1,1,-116234,-118272,678770,805,1209,-253,1209,2261,-407,-253,-407,627,0,0,0
164,1306,-117998,-133410,651971,1,-1,1,-119815,-137436,653977,823,1255,-255,1255,2365,-417,-255,-417,616,0,0,0
165,1306,-124625,-155021,630200,1,-1,-1,-125182,-156996,629105,838,1296,-262,1296,2459,-436,-262,-436,611,0,0,0
166,1306,-132813,-177411,608660,1,1,-1,-126455,-166184,605196,850,1331,-274,1331,2540,-461,-274,-461,611,0,0,0
167,1306,-135719,-188761,586889,1,-1,-1,-136336,-190856,585866,861,1360,-286,1360,2611,-487,-286,-487,612,0,0,0
168,1306,-148586,-216933,571761,1,1,1,-143516,-207737,571198,870,1385,-304,1385,2671,-522,-304,-522,619,0,0,0
169,1306,-157771,-236540,560283,1,-1,1,-160024,-241481,562531,875,1402,-323,1402,2715,-559,-323,-559,631,0,0,0
170,1306,-177784,-274484,557678,-1,1,1,-177238,-272492,558647,878,1412,-350,1412,2739,-610,-350,-610,652,0,0,0
171,1306,-197853,-309398,560108,1,-1,1,-200276,-314652,562611,878,1413,-383,1413,2741,-667,-383,-667,682,0,0,0
172,1306,-224731,-355685,573164,-1,-1,-1,-229573,-364534,574320,876,1405,-424,1405,2719,-734,-424,-734,725,0,0,0
173,1306,-258119,-409513,597255,-1,-1,1,-265181,-422115,602597,869,1384,-473,1384,2667,-811,-473,-811,784,0,0,0
174,1306,-297869,-468708,641668,1,1,-1,-290795,-456244,635754,859,1348,-530,1348,2573,-895,-530,-895,866,0,0,0
175,1306,-324837,-500684,685783,-1,1,-1,-322120,-495142,682297,842,1295,-580,1295,2444,-961,-580,-961,957,0,0,0
176,1306,-357060,-534139,746085,1,-1,-1,-356552,-534365,744388,822,1229,-628,1229,2285,-1011,-628,-1011,1059,0,0,0
177,1306,-391403,-562660,823274,1,1,-1,-384628,-551567,815814,797,1151,-673,1151,2097,-1042,-673,-1042,1173,0,0,0
178,1306,-416072,-564177,902926,-1,1,1,-417096,-564657,905337,768,1060,-704,1060,1888,-1040,-704,-1039,1282,0,0,0
179,1306,-442943,-554359,999980,1,1,-1,-436690,-544971,991926,735,961,-724,961,1665,-1005,-724,-1005,1386,0,0,0
180,1306,-453226,-510893,1081181,1,-1,1,-455534,-514869,1085527,701,860,-725,860,1454,-934,-725,-934,1461,0,0,0
181,1306,-460687,-453622,1165039,1,-1,1,-462782,-457086,1169278,666,761,-710,761,1259,-836,-710,-836,1507,0,0,0
182,1306,-453968,-372678,1228084,-1,1,1,-455604,-373432,1231875,630,671,-675,671,1097,-719,-675,-719,1508,0,0,0
183,1306,-431611,-275290,1261178,-1,1,1,-433214,-275846,1265017,598,599,-624,599,980,-598,-624,-598,1462,0,0,0
184,1306,-395422,-176320,1262442,1,1,-1,-391105,-171319,1256209,573,550,-561,550,912,-490,-561,-490,1376,0,0,0
185,1306,-343272,-85565,1224586,-1,1,-1,-342057,-83582,1221545,555,531,-492,531,893,-405,-492,-405,1262,0,0,0
186,1306,-289002,-16756,1171041,-1,1,1,-290107,-16661,1174172,548,539,-424,539,917,-345,-424,-345,1138,0,0,0
187,1306,-236114,31461,1113875,1,1,1,-234172,34641,1114788,552,569,-363,569,975,-306,-363,-306,1021,0,0,0
188,1306,-182669,65302,1051301,1,1,-1,-178841,70341,1047447,566,618,-308,618,1065,-279,-308,-279,916,0,0,0
189,1306,-132225,86980,985662,-1,-1,1,-136147,81525,989088,588,684,-257,684,1187,-256,-257,-256,824,0,0,0
190,1306,-96022,89876,931482,1,1,1,-93027,94654,932249,617,759,-213,759,1329,-233,-213,-233,749,0,0,0
191,1306,-58839,97664,879080,1,1,1,-55433,103149,879870,650,841,-171,841,1488,-204,-171,-204,685,0,0,0
192,1306,-26744,103724,831233,1,-1,1,-27722,101360,832951,686,926,-129,926,1659,-167,-129,-167,634,0,0,0
193,1306,-4420,101405,788396,-1,1,1,-3869,103271,789816,721,1009,-90,1009,1832,-125,-90,-125,594,0,0,0
194,1306,15534,104071,748864,-1,-1,1,10633,95871,750634,753,1088,-52,1088,2000,-77,-52,-77,562,0,0,0
195,1306,26175,97738,712488,1,1,-1,31263,106422,710990,784,1161,-18,1161,2159,-29,-18,-29,540,0,0,0
196,1306,45227,110819,676288,-1,-1,-1,39892,101573,674843,810,1228,18,1228,2306,26,18,26,524,0,0,0
197,1306,51584,107696,642418,1,1,1,57213,117575,644050,833,1289,48,1289,2442,75,48,75,514,0,0,0
198,1306,68978,127094,614878,-1,-1,-1,63075,116617,613027,853,1341,81,1340,2561,132,81,132,508,0,0,0
199,1306,73797,128154,585848,1,1,-1,79378,138222,585315,869,1385,109,1385,2666,182,109,182,506,0,0,0
200,1306,91447,153970,561864,-1,1,-1,92534,156906,560829,883,1423,141,1423,2759,241,141,241,509,0,0,0
201,1306,105965,176583,540900,1,1,1,112509,188506,543463,893,1452,175,1452,2833,304,175,304,518,0,0,0
202,1306,128533,213544,528692,1,1,1,135249,225841,531596,901,1476,216,1476,2890,378,216,378,534,0,0,0
203,1306,154459,256810,523386,-1,-1,-1,147572,244167,520076,905,1489,263,1489,2922,462,263,463,559,0,0,0
204,1306,168219,278901,515955,1,1,1,175240,291812,519660,906,1492,305,1492,2933,540,305,540,588,0,0,0
205,1306,200084,332878,525164,-1,-1,1,194785,323032,524208,904,1484,357,1485,2918,631,357,631,631,0,0,0
206,1306,222094,367886,536945,-1,1,-1,222597,369841,536035,898,1468,408,1468,2878,718,408,718,683,0,0,0
207,1306,253755,419056,560408,-1,1,-1,254057,420639,559413,889,1442,463,1442,2812,809,463,809,749,0,0,0
208,1306,288966,472481,597954,1,-1,1,288884,471287,599080,875,1400,521,1400,2707,898,521,898,832,0,0,0
209,1306,326584,522188,653662,1,-1,1,326765,521449,654989,858,1344,581,1344,2566,981,581,981,934,0,0,0
210,1306,366180,566447,727463,1,1,-1,369994,573234,729118,834,1268,639,1268,2380,1045,639,1045,1053,0,0,0
211,1306,409823,605536,822520,-1,-1,-1,402890,594086,814821,805,1174,693,1175,2150,1085,693,1085,1191,0,0,0
212,1306,438752,606659,918812,-1,-1,-1,432089,596152,910678,771,1069,731,1069,1902,1083,731,1083,1325,0,0,0
213,1306,460710,583256,1018396,-1,1,-1,459352,582392,1015411,734,955,751,955,1650,1037,751,1037,1442,0,0,0
214,1306,477717,538801,1120565,-1,-1,1,475714,535477,1120154,695,839,751,839,1407,951,751,951,1532,0,0,0
215,1306,479701,460768,1208703,-1,1,1,481797,464142,1213075,655,727,728,727,1192,829,728,829,1575,0,0,0
216,1306,469291,363224,1275132,1,-1,1,471020,363987,1279169,615,628,684,628,1020,689,684,689,1565,0,0,0
217,1306,441004,249433,1305127,-1,-1,-1,436498,244279,1298239,580,552,621,552,904,550,621,550,1499,0,0,0
218,1306,391592,136180,1285580,-1,-1,-1,387466,131587,1279487,552,508,546,508,847,434,546,434,1388,0,0,0
219,1306,332739,42096,1237111,1,1,1,336583,46421,1242430,536,495,469,495,843,350,469,350,1252,0,0,0
220,1306,277549,-22887,1183304,1,-1,-1,276571,-24598,1180689,531,509,398,509,877,294,398,294,1117,0,0,0
221,1306,217688,-71174,1113646,-1,-1,1,215768,-74336,1114687,538,548,333,548,948,259,333,259,992,0,0,0
222,1306,160647,-102467,1047019,-1,1,-1,160078,-101915,1044653,556,605,275,605,1050,235,275,235,883,0,0,0
223,1306,111329,-116608,981142,1,-1,1,111652,-117367,983201,582,677,223,677,1181,213,223,213,793,0,0,0
224,1306,69641,-124046,925019,1,-1,1,69709,-125069,926830,615,758,177,758,1333,187,177,187,719,0,0,0
225,1306,34308,-127445,874192,-1,-1,1,30794,-133103,875138,650,844,133,844,1499,154,133,154,660,0,0,0
226,1306,1126,-133904,827860,-1,-1,-1,-3284,-140924,825778,687,931,89,931,1674,111,89,111,613,0,0,0
227,1306,-28245,-142275,783707,-1,1,1,-27346,-139927,785218,724,1018,43,1018,1852,56,43,56,577,0,0,0
228,1306,-47930,-142865,747158,1,-1,1,-48846,-145319,748577,758,1098,0,1098,2021,-4,0,-4,553,0,0,0
229,1306,-66740,-150697,714349,-1,1,-1,-65600,-147852,712911,788,1171,-43,1171,2177,-69,-43,-69,538,0,0,0
230,1306,-81185,-156036,682073,-1,1,-1,-79828,-152795,680586,814,1234,-84,1234,2315,-135,-84,-135,530,0,0,0
231,1306,-94023,-164043,652937,1,-1,-1,-94923,-166589,651797,836,1288,-123,1288,2438,-200,-123,-200,528,0,0,0
232,1306,-109226,-181446,627899,1,1,1,-103965,-172067,628145,853,1334,-161,1334,2542,-267,-161,-267,532,0,0,0
233,1306,-117879,-189705,606769,-1,1,1,-117024,-187191,607789,867,1369,-195,1369,2625,-329,-195,-329,540,0,0,0
234,1306,-131643,-208390,590003,-1,-1,1,-138132,-220013,593028,877,1397,-229,1397,2691,-392,-229,-392,553,0,0,0
235,1306,-155325,-246177,581363,-1,1,1,-154569,-243822,582307,883,1414,-270,1414,2733,-464,-270,-464,576,0,0,0
236,1306,-173469,-273983,575815,-1,-1,1,-180269,-286229,579565,886,1423,-312,1423,2755,-538,-312,-538,604,0,0,0
237,1306,-202667,-321505,581994,1,1,-1,-195745,-309057,577791,885,1421,-361,1421,2750,-622,-361,-622,645,0,0,0
238,1306,-219755,-347388,585917,1,1,-1,-212759,-334838,581279,881,1412,-406,1412,2727,-699,-406,-699,691,0,0,0
239,1306,-238602,-375795,595970,1,-1,1,-241151,-381214,598733,875,1393,-449,1393,2685,-769,-449,-769,743,0,0,0
240,1306,-270479,-424578,625445,-1,1,1,-270399,-423390,626583,865,1363,-497,1363,2610,-844,-497,-844,810,0,0,0
241,1306,-302072,-466704,665778,1,-1,1,-304743,-472210,669049,852,1322,-548,1322,2507,-915,-548,-915,892,0,0,0
242,1306,-338741,-512089,723996,1,-1,1,-341445,-517540,727559,834,1263,-599,1263,2363,-977,-599,-977,990,0,0,0
243,1306,-376223,-548686,799066,1,1,-1,-369367,-537303,791887,811,1189,-648,1189,2183,-1023,-648,-1023,1104,0,0,0
244,1306,-401484,-555376,872331,-1,-1,1,-408133,-566041,879927,784,1105,-687,1105,1984,-1038,-687,-1038,1217,0,0,0
245,1306,-436487,-562543,973854,-1,-1,-1,-439174,-567046,974893,752,1006,-717,1006,1757,-1022,-717,-1022,1335,0,0,0
246,1306,-459634,-536935,1072256,1,1,1,-457360,-533179,1071597,716,898,-731,898,1524,-967,-731,-967,1437,0,0,0
247,1306,-465806,-475164,1157847,-1,1,-1,-463623,-471536,1153547,679,791,-723,791,1309,-874,-723,-874,1501,0,0,0
248,1306,-457645,-390998,1217822,1,1,-1,-452424,-384344,1210178,642,694,-692,694,1132,-757,-692,-757,1516,0,0,0
249,1306,-431581,-292485,1243460,-1,1,1,-433209,-293125,1247296,608,618,-640,618,1006,-634,-640,-634,1476,0,0,0
250,1306,-398948,-197734,1250433,-1,-1,-1,-400386,-200210,1249636,581,565,-578,565,929,-523,-578,-523,1396,0,0,0
251,1306,-356015,-113404,1225901,1,1,-1,-351879,-108600,1220159,561,539,-512,539,900,-433,-512,-433,1290,0,0,0
252,1306,-301393,-39796,1175086,1,1,1,-299740,-37010,1176022,552,541,-444,541,915,-368,-444,-368,1170,0,0,0
253,1306,-247479,13209,1119026,1,1,1,-245590,16311,1119921,553,567,-381,567,967,-324,-381,-325,1052,0,0,0
254,1306,-195117,49260,1058322,1,1,1,-192935,52772,1059163,565,612,-325,612,1052,-295,-325,-295,944,0,0,0
255,1306,-146697,71977,997954,-1,1,-1,-145753,73966,995778,586,673,-274,673,1165,-272,-274,-272,849,0,0,0
256,1306,-105163,83406,937937,-1,-1,1,-109248,77490,941135,614,746,-229,746,1302,-249,-229,-249,769,0,0,0
257,1306,-75152,81381,887592,1,1,1,-71851,86685,888326,646,826,-190,826,1458,-225,-190,-225,704,0,0,0
258,1306,-43153,87407,838874,-1,-1,-1,-46868,81354,838099,679,909,-150,909,1625,-193,-150,-193,650,0,0,0
259,1306,-23776,80770,792613,-1,1,-1,-22726,83318,790945,714,992,-115,992,1797,-158,-115,-158,607,0,0,0
260,1306,-3626,82912,748990,-1,1,1,-2954,84984,750359,748,1074,-81,1074,1970,-118,-81,-118,574,0,0,0
261,1306,12969,85691,711445,-1,-1,1,7858,77002,713150,780,1151,-47,1151,2135,-73,-47,-73,547,0,0,0
262,1306,20489,78703,676623,1,-1,1,19340,75799,677998,808,1220,-19,1220,2288,-31,-19,-31,527,0,0,0
263,1306,29819,79080,643786,-1,-1,-1,24311,69414,642431,831,1281,7,1281,2426,10,7,10,513,0,0,0
264,1306,32843,73770,610171,1,1,1,38593,83989,611647,852,1337,28,1337,2555,46,28,46,503,0,0,0
265,1306,47452,91288,581954,1,-1,1,46203,88095,583125,869,1385,54,1385,2669,89,54,89,496,0,0,0
266,1306,54624,97473,555429,-1,1,1,56281,101392,556828,885,1426,77,1426,2771,130,77,130,493,0,0,0
267,1306,65553,113644,531538,1,-1,1,64286,110355,532598,896,1461,101,1461,2855,174,101,174,493,0,0,0
268,1306,73971,125231,509449,1,-1,1,72718,121951,510462,907,1492,125,1492,2934,219,125,219,495,0,0,0
269,1306,83239,139723,489595,-1,1,1,85233,144347,491176,916,1517,149,1517,3001,264,149,264,499,0,0,0
270,1306,97916,166200,473517,1,-1,-1,95804,161338,471848,920,1536,177,1536,3051,316,177,316,506,0,0,0
271,1306,110003,187015,457217,1,1,-1,115919,198160,457395,925,1553,205,1553,3096,371,205,371,518,0,0,0
272,1306,133724,230251,448341,1,1,1,140813,243565,451490,927,1564,243,1564,3127,441,243,441,537,0,0,0
273,1306,162999,282976,450013,-1,-1,-1,155779,269408,446434,927,1564,291,1564,3132,528,291,528,567,0,0,0
274,1306,180353,313383,450151,-1,1,-1,181203,315994,449348,924,1558,337,1558,3119,611,337,611,603,0,0,0
275,1306,210218,366594,462713,-1,-1,-1,202825,352762,458199,917,1543,390,1543,3080,704,390,704,652,0,0,0
276,1306,235010,407980,480217,-1,-1,1,229828,398206,478818,909,1518,442,1518,3019,795,442,795,712,0,0,0
277,1306,265715,457333,512419,1,-1,1,265429,455766,513401,897,1482,497,1482,2928,885,497,885,785,0,0,0
278,1306,305545,517483,563712,1,-1,-1,302628,511328,560332,881,1430,558,1430,2794,976,558,976,879,0,0,0
279,1306,345973,571696,629154,1,1,-1,350146,579317,630946,860,1361,619,1361,2619,1057,619,1057,994,0,0,0
280,1306,396531,631966,725466,1,-1,1,397112,631876,727219,833,1271,683,1271,2392,1123,683,1123,1138,0,0,0
281,1306,442826,665746,844969,-1,1,1,445707,671266,849433,799,1159,739,1159,2117,1152,739,1152,1299,0,0,0
282,1306,486882,673336,987623,-1,-1,-1,480241,663079,978881,760,1026,782,1026,1807,1131,782,1131,1468,0,0,0
283,1306,510096,626095,1117965,1,-1,1,511698,627179,1121464,714,885,797,885,1499,1044,797,1044,1605,0,0,0
284,1306,525023,543332,1249284,1,-1,-1,522776,539752,1244559,665,741,782,741,1214,901,782,901,1693,0,0,0
285,1306,514627,417627,1337883,-1,-1,1,513383,415393,1338562,616,613,735,613,989,723,735,723,1704,0,0,0
286,1306,482203,270639,1383062,-1,1,1,483778,272892,1387008,570,512,660,512,837,541,660,541,1631,0,0,0
287,1306,431947,127060,1380922,-1,1,-1,430264,126868,1376593,532,446,569,446,758,386,569,386,1495,0,0,0
288,1306,363716,3472,1328361,-1,-1,-1,360125,-214,1323022,507,421,473,421,742,276,473,276,1326,0,0,0
289,1306,286408,-90167,1249417,1,-1,-1,285578,-91596,1246873,497,432,382,432,774,209,382,209,1154,0,0,0
290,1306,211842,-149693,1165133,-1,-1,-1,208576,-153495,1161344,502,472,302,472,844,170,302,170,1002,0,0,0
291,1306,140049,-185803,1082644,1,-1,1,140601,-186498,1085112,520,535,233,535,949,146,233,146,877,0,0,0
292,1306,79958,-202578,1014602,1,1,1,83375,-197915,1017347,547,613,172,613,1081,122,172,122,777,0,0,0
293,1306,31907,-204797,956210,-1,-1,1,28915,-209534,957460,582,700,117,700,1235,92,117,92,700,0,0,0
294,1306,-14352,-211784,905531,-1,-1,-1,-18155,-217573,903600,622,791,64,791,1404,49,64,49,643,0,0,0
295,1306,-54264,-218804,860238,1,1,-1,-50300,-212420,858700,663,882,9,882,1580,-9,9,-9,603,0,0,0
296,1306,-79773,-214787,821427,1,-1,-1,-80385,-216669,820034,701,968,-43,968,1752,-75,-43,-75,578,0,0,0
297,1306,-105406,-221459,788671,1,-1,1,-106488,-224133,790265,735,1046,-96,1047,1911,-150,-96,-150,567,0,0,0
298,1306,-128418,-231856,764259,1,-1,-1,-128974,-233741,763028,766,1115,-148,1115,2050,-231,-148,-231,567,0,0,0
299,1306,-148897,-244856,742222,1,1,-1,-143307,-235412,739417,791,1171,-200,1171,2166,-314,-200,-314,578,0,0,0
300,1306,-161233,-249557,721987,-1,-1,-1,-165851,-257563,722119,810,1213,-246,1213,2257,-392,-246,-392,595,0,0,0
301,1306,-184048,-275410,711120,1,-1,1,-185933,-279489,713190,824,1244,-294,1244,2321,-472,-294,-472,623,0,0,0
302,1306,-204736,-300254,708374,1,-1,-1,-205025,-301774,707258,832,1261,-342,1261,2356,-551,-341,-551,658,0,0,0
303,1306,-224656,-325153,708870,-1,-1,-1,-229117,-332976,709711,837,1267,-388,1267,2368,-628,-388,-628,701,0,0,0
304,1306,-250230,-358387,720085,-1,-1,-1,-254545,-365947,721100,836,1261,-435,1261,2351,-704,-435,-704,755,0,0,0
305,1306,-277094,-391949,741195,1,1,-1,-270490,-380780,735839,831,1243,-484,1243,2303,-775,-484,-775,820,0,0,0
306,1306,-292732,-405616,761083,1,1,-1,-286111,-394542,755301,820,1213,-524,1213,2232,-829,-524,-829,884,0,0,0
307,1306,-307817,-417032,785380,-1,-1,-1,-311523,-423420,786628,807,1175,-557,1175,2147,-868,-557,-867,948,0,0,0
308,1306,-333437,-441315,826382,-1,-1,-1,-336901,-447221,827605,792,1129,-588,1129,2039,-898,-588,-898,1021,0,0,0
309,1306,-357840,-457452,876112,-1,1,1,-358607,-457571,878132,773,1074,-617,1074,1911,-915,-617,-915,1098,0,0,0
310,1306,-376484,-456828,931292,1,1,1,-373569,-451980,930305,752,1011,-638,1011,1772,-913,-638,-913,1172,0,0,0
311,1306,-386605,-439064,982584,1,1,1,-383959,-434703,981799,729,944,-649,944,1629,-888,-649,-888,1232,0,0,0
312,1306,-390834,-409412,1029102,-1,-1,1,-396594,-417725,1036243,706,879,-648,879,1495,-846,-648,-846,1274,0,0,0
313,1306,-396814,-378560,1078698,1,1,-1,-391305,-370881,1071652,682,815,-638,815,1369,-791,-638,-791,1301,0,0,0
314,1306,-383331,-324594,1099206,1,-1,-1,-382022,-324048,1096153,660,763,-616,762,1271,-727,-616,-727,1299,0,0,0
315,1306,-366879,-273984,1109288,-1,1,1,-368167,-274444,1112368,641,722,-585,722,1200,-661,-585,-661,1273,0,0,0
316,1306,-346461,-223397,1111017,-1,1,-1,-344854,-220647,1107706,626,696,-549,696,1157,-600,-549,-600,1228,0,0,0
317,1306,-318070,-174522,1092178,-1,1,1,-319187,-174724,1095074,617,685,-509,685,1145,-547,-509,-547,1166,0,0,0
318,1306,-289327,-134946,1068698,-1,-1,-1,-291467,-138399,1068372,614,689,-469,689,1160,-505,-469,-505,1098,0,0,0
319,1306,-260835,-107003,1034874,-1,1,-1,-259477,-104494,1032105,617,707,-431,707,1199,-473,-431,-473,1028,0,0,0
320,1306,-229359,-82282,993309,-1,1,-1,-228035,-79753,990694,627,739,-395,739,1264,-450,-395,-450,959,0,0,0
321,1306,-199921,-65858,949253,-1,-1,1,-204512,-72455,953590,642,783,-363,783,1351,-433,-363,-433,894,0,0,0
322,1306,-179889,-64477,912378,-1,1,1,-180288,-63932,914295,660,833,-337,833,1453,-421,-337,-421,838,0,0,0
323,1306,-158984,-61078,873394,-1,1,-1,-157621,-58234,871110,681,889,-312,888,1566,-411,-312,-411,788,0,0,0
324,1306,-139804,-59758,831217,-1,1,1,-139880,-58814,832816,704,949,-291,949,1691,-401,-291,-401,743,0,0,0
325,1306,-125653,-63370,794423,1,-1,1,-127115,-66521,796544,728,1010,-273,1010,1819,-392,-273,-392,703,0,0,0
326,1306,-116818,-73494,760227,-1,1,1,-116612,-72132,761597,752,1070,-259,1070,1948,-386,-259,-386,672,0,0,0
327,1306,-109406,-81041,727121,1,1,-1,-103847,-71766,723844,775,1129,-247,1129,2076,-382,-247,-382,645,0,0,0
328,1306,-99011,-82122,690783,-1,1,-1,-97368,-78465,688824,796,1185,-235,1185,2203,-376,-235,-376,622,0,0,0
329,1306,-95054,-90350,657731,1,1,1,-90310,-82055,657721,815,1238,-227,1238,2325,-371,-227,-371,603,0,0,0
330,1306,-90008,-94888,628131,-1,-1,-1,-94952,-103635,628158,834,1287,-220,1287,2439,-367,-220,-367,586,0,0,0
331,1306,-97942,-119046,601640,-1,-1,1,-104163,-130061,604657,850,1331,-221,1331,2544,-375,-221,-375,577,0,0,0
332,1306,-110561,-148666,581707,-1,1,1,-109787,-146295,582725,863,1367,-231,1367,2630,-397,-231,-397,574,0,0,0
333,1306,-118336,-167499,562526,-1,1,-1,-116286,-162909,560576,873,1397,-245,1397,2704,-424,-245,-424,575,0,0,0
334,1306,-126932,-187043,543379,1,-1,-1,-127730,-189485,542423,881,1422,-261,1422,2767,-456,-261,-456,580,0,0,0
335,1306,-141471,-217545,529537,-1,1,1,-140703,-215154,530473,887,1442,-283,1442,2818,-498,-283,-498,591,0,0,0
336,1306,-157096,-247129,522075,-1,1,-1,-154791,-242013,519891,891,1455,-311,1455,2851,-548,-311,-548,607,0,0,0
337,1306,-173881,-278195,516641,-1,1,1,-173222,-275981,517555,894,1463,-342,1463,2872,-604,-342,-604,631,0,0,0
338,1306,-195533,-316639,521009,1,-1,-1,-196099,-318689,520091,893,1462,-378,1462,2869,-669,-378,-669,663,0,0,0
339,1306,-222451,-364247,532743,-1,-1,1,-229609,-377304,537580,889,1450,-422,1450,2839,-742,-422,-742,708,0,0,0
340,1306,-260957,-427679,564569,-1,1,1,-260720,-426211,565611,881,1424,-476,1424,2772,-829,-476,-829,775,0,0,0
341,1306,-295449,-478213,606432,-1,-1,1,-302668,-491092,612397,868,1382,-533,1382,2666,-913,-533,-913,858,0,0,0
342,1306,-341432,-541512,673989,1,-1,1,-344247,-547274,677568,850,1321,-596,1321,2511,-996,-596,-996,968,0,0,0
343,1306,-384903,-589237,759818,1,-1,1,-387725,-594832,763746,825,1240,-657,1240,2308,-1061,-657,-1061,1099,0,0,0
344,1306,-427597,-619658,866195,-1,1,-1,-424833,-614380,861955,795,1139,-711,1139,2064,-1093,-711,-1093,1246,0,0,0
345,1306,-459263,-614401,975636,-1,1,-1,-456611,-609565,971165,759,1024,-748,1024,1796,-1077,-748,-1077,1388,0,0,0
346,1306,-481533,-578149,1086550,-1,-1,1,-487681,-587026,1095022,719,901,-764,901,1529,-1010,-764,-1010,1508,0,0,0
347,1306,-499256,-516431,1204556,1,1,1,-497489,-513484,1204437,676,773,-756,773,1273,-896,-756,-896,1592,0,0,0
348,1306,-490906,-410316,1285894,1,1,-1,-485735,-403958,1277947,632,656,-719,656,1062,-748,-719,-748,1612,0,0,0
349,1306,-459896,-284991,1318265,1,-1,1,-461535,-287439,1322151,591,564,-657,564,917,-594,-657,-594,1559,0,0,0
350,1306,-418628,-165514,1322220,-1,-1,1,-422838,-170122,1328641,557,502,-579,502,834,-458,-579,-458,1454,0,0,0
351,1306,-366713,-59590,1294018,-1,-1,1,-370567,-63770,1299593,533,472,-497,472,805,-353,-497,-353,1319,0,0,0
352,1306,-306679,24934,1240618,-1,1,-1,-305720,26560,1237936,521,472,-418,472,821,-281,-418,-281,1175,0,0,0
353,1306,-239801,87908,1166301,-1,-1,-1,-241536,84984,1165118,522,502,-345,502,876,-236,-345,-236,1037,0,0,0
354,1306,-178862,123197,1091872,-1,-1,1,-182370,118768,1095475,535,553,-281,553,966,-208,-281,-208,916,0,0,0
355,1306,-125877,140553,1026180,1,-1,1,-126624,138871,1028176,558,620,-226,620,1084,-187,-226,-187,817,0,0,0
356,1306,-77646,149507,965207,-1,-1,-1,-80503,144971,964188,588,699,-176,699,1226,-163,-176,-163,737,0,0,0
357,1306,-39368,149262,908056,-1,1,1,-39264,150497,909764,623,786,-130,786,1388,-134,-130,-134,673,0,0,0
358,1306,-4863,152009,859803,-1,1,1,-4513,153572,861371,662,874,-85,874,1561,-94,-85,-94,623,0,0,0
359,1306,24120,154709,816898,-1,-1,-1,19935,147850,815630,699,961,-41,961,1737,-45,-41,-45,586,0,0,0
360,1306,43205,149979,775561,1,1,-1,47805,157602,774159,735,1044,1,1044,1909,8,1,8,559,0,0,0
361,1306,68034,162221,738944,-1,-1,1,63259,154132,740025,767,1121,45,1121,2070,71,45,72,543,0,0,0
362,1306,80289,161056,707847,1,1,1,85648,170229,709777,796,1189,85,1189,2217,135,85,135,534,0,0,0
363,1306,101879,180780,682121,1,1,-1,106913,189571,681627,820,1246,128,1246,2342,206,128,206,533,0,0,0
364,1306,123186,204288,658957,1,1,-1,128279,213282,658762,838,1292,173,1292,2445,282,173,282,541,0,0,0
365,1306,145388,232498,641705,-1,-1,-1,139160,221544,638760,852,1328,220,1328,2524,364,220,364,558,0,0,0
366,1306,156092,243935,624916,1,-1,-1,154095,239526,622960,862,1354,261,1354,2584,439,261,439,579,0,0,0
367,1306,171930,265665,613750,-1,-1,1,166883,256579,613179,868,1370,302,1370,2624,511,302,511,605,0,0,0
368,1306,185774,285762,608195,1,-1,-1,183523,280885,605923,871,1379,340,1379,2645,578,340,579,636,0,0,0
369,1306,204135,313637,606809,1,1,-1,209005,322442,607749,872,1381,380,1381,2649,646,380,647,672,0,0,0
370,1306,232898,359218,618488,1,1,1,239808,371459,623322,868,1370,425,1370,2622,722,425,722,721,0,0,0
371,1306,267243,410882,646769,1,-1,1,267154,409693,647914,861,1347,478,1347,2563,804,478,804,788,0,0,0
372,1306,296565,448964,682635,-1,1,1,299157,454301,685789,850,1309,530,1309,2471,878,530,878,867,0,0,0
373,1306,330581,490460,734663,-1,1,1,333217,495773,738104,833,1257,582,1257,2343,944,582,944,962,0,0,0
374,1306,365293,524255,801742,-1,-1,-1,358475,512954,794769,811,1187,630,1187,2175,991,630,991,1069,0,0,0
375,1306,388074,530269,866008,-1,-1,-1,381451,519635,858643,786,1110,668,1110,1993,1009,668,1009,1174,0,0,0
376,1306,406772,522415,934071,1,-1,1,407829,522922,936519,758,1025,692,1025,1802,998,692,998,1269,0,0,0
377,1306,427142,505782,1015239,1,-1,-1,424756,501527,1011052,727,934,704,934,1604,957,704,957,1353,0,0,0
378,1306,435278,464335,1083765,1,1,1,441055,472471,1091515,696,844,700,844,1419,890,700,890,1412,0,0,0
379,1306,441246,412619,1154962,-1,1,-1,439726,411828,1151534,664,756,683,756,1250,801,683,801,1444,0,0,0
380,1306,427804,337482,1193932,1,-1,-1,425987,334536,1190075,632,681,649,681,1116,700,649,700,1436,0,0,0
381,1306,401975,254363,1206797,1,1,1,406687,260155,1213467,605,625,600,625,1025,599,600,599,1386,0,0,0
382,1306,372640,179472,1207191,-1,1,-1,371250,179152,1203721,584,589,545,589,974,510,545,510,1310,0,0,0
383,1306,329907,109015,1175786,-1,1,1,331185,111161,1178807,571,576,487,576,964,440,487,440,1214,0,0,0
384,1306,286023,54315,1135934,1,-1,-1,284859,52265,1133175,567,585,431,585,990,389,431,389,1111,0,0,0
385,1306,238943,11442,1081090,1,1,1,242963,16626,1085568,573,615,378,615,1049,355,378,355,1011,0,0,0
386,1306,199401,-11359,1030489,1,1,-1,201744,-7604,1029823,587,661,332,661,1134,331,332,331,921,0,0,0
387,1306,162316,-24362,974992,1,1,-1,164978,-20113,974392,607,719,292,719,1244,313,292,313,842,0,0,0
388,1306,130717,-28647,921734,-1,-1,-1,126408,-34974,918326,633,787,257,787,1375,298,257,298,774,0,0,0
389,1306,97005,-37587,868130,-1,-1,1,93643,-43035,868667,662,862,222,862,1524,278,222,278,714,0,0,0
390,1306,69008,-42465,821339,1,-1,-1,67864,-45074,819474,694,940,189,940,1685,253,189,253,662,0,0,0
391,1306,47669,-42917,775263,1,1,1,52579,-34921,777831,726,1019,157,1019,1851,224,157,224,619,0,0,0
392,1306,37048,-32040,736460,1,1,1,42171,-23493,738799,757,1095,131,1095,2015,196,131,196,586,0,0,0
393,1306,30631,-20225,699904,-1,-1,-1,25297,-29309,697747,786,1168,110,1168,2172,172,110,172,560,0,0,0
394,1306,15671,-26954,661128,-1,-1,-1,10148,-36535,659166,813,1236,87,1236,2324,142,87,142,538,0,0,0
395,1306,1803,-35716,624759,1,1,-1,7185,-26209,623869,836,1296,63,1296,2463,106,63,106,520,0,0,0
396,1306,1231,-25512,591379,-1,-1,-1,-4614,-35963,589764,856,1351,45,1351,2594,79,45,79,506,0,0,0
397,1306,-10393,-37305,559263,1,1,1,-4421,-26494,560709,873,1401,25,1401,2713,45,25,45,495,0,0,0
398,1306,-8517,-27754,531673,1,1,-1,-2483,-16719,530523,888,1444,12,1444,2819,22,12,22,486,0,0,0
399,1306,-5118,-17517,502999,1,1,1,1087,-6054,504254,902,1484,4,1484,2918,9,4,9,480,0,0,0
400,1306,-188,-5923,478060,1,-1,-1,-1823,-9902,476846,913,1519,3,1519,3009,5,3,5,475,0,0,0
401,1306,-3338,-10513,452091,-1,-1,-1,-9766,-22585,450902,923,1549,-1,1549,3089,-2,-1,-2,471,0,0,0
402,1306,-12343,-25464,427628,1,1,-1,-5796,-13085,426367,931,1577,-10,1577,3163,-17,-10,-17,468,0,0,0
403,1306,-7273,-14881,404271,-1,-1,-1,-13848,-27415,403181,937,1601,-13,1601,3232,-22,-13,-22,466,0,0,0
404,1306,-16705,-31826,382489,1,-1,1,-18594,-36391,383716,942,1624,-22,1624,3295,-39,-22,-39,464,0,0,0
405,1306,-22372,-42535,364225,-1,-1,1,-29199,-55696,365644,948,1644,-33,1644,3353,-59,-33,-59,462,0,0,0
406,1306,-34895,-65649,347706,-1,1,-1,-32864,-60774,346417,954,1665,-50,1665,3410,-91,-50,-91,461,0,0,0
407,1306,-38967,-72332,329723,-1,-1,-1,-45665,-85401,329031,958,1680,-65,1680,3457,-121,-65,-120,463,0,0,0
408,1306,-54362,-101974,314476,1,1,1,-47672,-88864,315007,960,1693,-87,1693,3496,-164,-87,-164,466,0,0,0
409,1306,-56736,-106583,301405,-1,1,1,-55020,-102232,302349,963,1707,-105,1707,3537,-200,-105,-200,470,0,0,0
410,1306,-65463,-123107,290308,1,-1,-1,-67154,-127420,289401,966,1718,-124,1718,3569,-238,-124,-238,475,0,0,0
411,1306,-80431,-153496,279952,1,1,1,-73808,-140389,280048,967,1727,-149,1727,3596,-287,-149,-287,483,0,0,0
412,1306,-88503,-169481,272269,-1,1,-1,-86016,-163615,270581,967,1730,-173,1730,3610,-335,-173,-335,492,0,0,0
413,1306,-103189,-198005,265728,1,1,-1,-95655,-183079,262904,967,1733,-202,1733,3623,-391,-202,-391,505,0,0,0
414,1306,-114999,-221783,260707,1,-1,1,-117649,-227983,262612,967,1734,-232,1734,3629,-448,-232,-448,520,0,0,0
415,1306,-141945,-275573,266527,-1,-1,-1,-148255,-288143,267218,964,1728,-272,1728,3616,-526,-272,-526,545,0,0,0
416,1306,-178976,-347469,281285,-1,1,1,-177792,-344108,281967,959,1713,-328,1713,3577,-631,-328,-631,585,0,0,0
417,1306,-214199,-413234,307287,-1,1,-1,-211225,-406465,304691,950,1685,-391,1685,3505,-748,-391,-748,642,0,0,0
418,1306,-253730,-484975,344819,1,1,1,-248196,-474094,343193,939,1647,-462,1647,3401,-874,-462,-875,720,0,0,0
419,1306,-296891,-559438,401759,1,1,-1,-288983,-544295,395647,922,1591,-539,1590,3247,-1002,-539,-1002,823,0,0,0
420,1306,-343326,-632803,476659,-1,1,1,-343243,-631586,477754,898,1514,-616,1514,3039,-1119,-616,-1119,953,0,0,0
421,1306,-403306,-716673,591686,1,-1,-1,-402970,-717143,590199,868,1411,-698,1411,2765,-1223,-698,-1223,1123,0,0,0
422,1306,-466258,-785414,742181,-1,-1,1,-473730,-798338,750976,831,1279,-778,1279,2423,-1289,-778,-1289,1332,0,0,0
423,1306,-535344,-826583,946369,-1,-1,1,-542440,-838001,955980,782,1110,-847,1110,2007,-1288,-847,-1288,1574,0,0,0
424,1306,-592558,-797365,1180179,1,-1,-1,-590767,-795991,1176268,724,912,-885,912,1555,-1183,-885,-1183,1812,0,0,0
425,1306,-616773,-671602,1387801,1,1,-1,-610988,-664328,1377943,659,707,-873,707,1143,-966,-873,-966,1970,0,0,0
426,1306,-602484,-466263,1529653,1,-1,1,-604399,-468829,1534500,590,522,-803,522,836,-678,-803,-678,1986,0,0,0
427,1306,-557211,-225648,1598502,-1,1,1,-559356,-225942,1604062,524,379,-687,379,658,-390,-687,-390,1853,0,0,0
428,1306,-476627,11334,1573272,1,-1,-1,-474774,11005,1568139,471,297,-544,297,596,-168,-544,-168,1611,0,0,0
429,1306,-369360,194844,1470563,-1,-1,-1,-370144,192682,1468235,437,278,-403,278,609,-40,-403,-40,1339,0,0,0
430,1306,-256939,311497,1346240,1,1,1,-255792,314013,1348402,425,307,-280,307,662,16,-280,16,1100,0,0,0
431,1306,-146604,378040,1233433,1,-1,1,-146894,377183,1235234,434,367,-179,367,741,39,-179,39,919,0,0,0
432,1306,-49502,404875,1143216,-1,-1,-1,-51567,401434,1141273,459,445,-95,445,844,58,-95,58,793,0,0,0
433,1306,31009,408866,1074770,1,1,1,33583,412938,1076766,495,532,-20,532,970,88,-20,88,712,0,0,0
434,1306,101807,409880,1033421,1,1,-1,104637,413967,1032203,535,620,53,620,1108,138,53,138,668,0,0,0
435,1306,159737,405887,1007722,1,-1,-1,159074,403944,1005839,576,703,127,703,1244,208,127,208,654,0,0,0
436,1306,202296,393407,994223,1,1,1,206373,399653,997181,615,774,198,774,1365,290,198,290,665,0,0,0
437,1306,240017,386325,996069,-1,-1,1,236906,381402,996191,647,829,269,829,1456,377,269,377,698,0,0,0
438,1306,261548,365793,999059,-1,1,1,262925,368677,1001298,671,866,330,866,1514,456,330,456,742,0,0,0
439,1306,280301,350181,1007172,1,1,-1,283378,355106,1007474,687,886,382,886,1541,523,382,523,792,0,0,0
440,1306,294346,333859,1014683,-1,-1,-1,289153,326094,1009939,696,892,424,892,1541,574,424,574,842,0,0,0
441,1306,293766,304028,1012831,1,-1,1,294409,303890,1014682,701,891,452,891,1530,606,452,606,882,0,0,0
442,1306,293942,280633,1014139,-1,-1,-1,288654,272856,1008984,701,885,470,885,1513,623,470,623,913,0,0,0
443,1306,283773,251236,1002281,1,1,1,289066,258995,1007507,699,880,475,880,1501,626,475,626,928,0,0,0
444,1306,281625,237652,998487,1,-1,1,282371,237629,1000498,697,874,475,874,1491,623,475,623,936,0,0,0
445,1306,272445,218099,987264,1,1,-1,275285,222619,987663,696,873,470,873,1489,615,470,615,935,0,0,0
446,1306,264176,205801,971738,-1,1,1,265851,209001,974510,696,876,462,876,1498,606,462,606,927,0,0,0
447,1306,254240,194948,956004,-1,-1,1,251318,190278,955642,698,884,452,884,1518,598,452,598,915,0,0,0
448,1306,239306,179939,933710,-1,1,-1,238719,180161,931816,701,898,439,898,1550,588,439,588,895,0,0,0
449,1306,227530,173826,908458,1,-1,1,228044,173516,910278,707,918,426,918,1594,580,426,580,873,0,0,0
450,1306,217894,170460,886151,-1,1,-1,217440,170841,884394,715,942,414,942,1648,575,414,575,851,0,0,0
451,1306,209053,171362,860335,-1,1,-1,208683,171852,858654,723,970,404,970,1709,571,404,571,831,0,0,0
452,1306,202368,175635,835330,1,-1,1,202670,175052,836949,733,1000,396,1000,1776,570,396,570,813,0,0,0
453,1306,198261,181428,814637,-1,1,-1,198037,182126,813080,744,1030,391,1030,1843,572,391,572,797,0,0,0
454,1306,195999,191271,792492,-1,1,1,197817,195009,795013,755,1060,388,1060,1911,578,388,578,784,0,0,0
455,1306,198359,206364,776988,-1,-1,-1,192562,196925,772462,766,1088,390,1088,1975,589,390,589,777,0,0,0
456,1306,194616,210684,755319,-1,-1,-1,188717,200979,750780,776,1116,391,1116,2036,600,391,600,770,0,0,0
457,1306,192410,217021,734867,1,-1,1,192453,216060,736241,786,1143,392,1143,2097,611,392,611,765,0,0,0
458,1306,198397,234163,723412,-1,1,1,200419,238383,725985,794,1165,398,1165,2147,627,398,627,765,0,0,0
459,1306,209144,258529,717563,1,1,1,215341,268944,722298,800,1182,410,1182,2185,650,410,650,773,0,0,0
460,1306,227063,291021,720357,1,-1,1,227115,290069,721704,805,1193,430,1193,2207,684,430,684,792,0,0,0
461,1306,240648,313338,724718,1,1,-1,244678,320331,725653,806,1196,452,1196,2210,718,452,718,817,0,0,0
462,1306,260610,344619,736175,1,-1,1,260800,343890,737615,805,1191,479,1191,2195,757,479,757,852,0,0,0
463,1306,278023,367615,754387,-1,1,-1,277738,368197,752866,802,1176,506,1176,2160,795,506,795,895,0,0,0
464,1306,296174,390571,776457,-1,-1,1,292503,384258,775357,795,1154,534,1154,2107,829,534,829,943,0,0,0
465,1306,310893,403477,803775,1,1,-1,314403,409477,804881,785,1124,559,1124,2036,854,559,854,993,0,0,0
466,1306,332962,423965,841417,1,1,1,339279,434073,847900,773,1085,584,1085,1947,873,584,873,1050,0,0,0
467,1306,357027,440151,892884,1,-1,-1,354699,435740,889264,758,1037,608,1037,1836,884,608,884,1115,0,0,0
468,1306,369120,432808,935774,1,-1,-1,366846,428593,932062,739,983,624,983,1717,877,624,877,1173,0,0,0
469,1306,376870,415830,977116,-1,1,1,379047,419794,980856,720,927,630,927,1599,854,630,854,1220,0,0,0
470,1306,384179,395261,1023515,-1,1,-1,383014,394760,1020773,699,871,630,871,1484,817,630,817,1254,0,0,0
471,1306,382031,360969,1055720,-1,1,-1,380809,360457,1052838,679,819,618,819,1380,768,618,768,1269,0,0,0
472,1306,373379,319967,1077122,1,1,1,378618,327150,1083769,661,774,598,774,1298,714,598,714,1265,0,0,0
473,1306,364954,280317,1097868,-1,1,-1,363717,279900,1094871,644,737,574,737,1232,658,574,658,1245,0,0,0
474,1306,344205,233202,1095217,1,-1,1,345386,233520,1098167,632,713,542,713,1193,605,542,605,1207,0,0,0
475,1306,321001,189123,1085968,-1,-1,1,318906,185731,1086212,625,702,508,702,1178,558,508,558,1155,0,0,0
476,1306,291249,147557,1062445,1,1,1,295874,153763,1067806,622,705,472,705,1188,519,472,519,1093,0,0,0
477,1306,267181,121865,1037342,1,-1,-1,265790,119296,1034553,625,720,439,720,1221,489,439,489,1031,0,0,0
478,1306,237119,96095,998252,-1,-1,-1,232527,89684,993525,633,748,406,748,1278,466,406,466,966,0,0,0
479,1306,205336,75113,953470,1,-1,1,205913,74769,955589,646,788,374,788,1359,447,374,447,902,0,0,0
480,1306,181420,66497,914597,-1,1,1,182771,69231,916996,662,836,345,836,1456,433,345,433,844,0,0,0
481,1306,161952,66063,876602,1,1,-1,165187,71323,876488,682,889,321,889,1565,422,321,422,793,0,0,0
482,1306,148325,72438,837824,1,1,1,153357,80296,841598,704,946,302,946,1684,415,302,415,751,0,0,0
483,1306,140542,84577,805156,-1,1,-1,140550,85637,803651,727,1004,288,1004,1805,412,288,412,717,0,0,0
484,1306,131294,92816,769098,-1,-1,1,127323,86132,769077,749,1061,278,1061,1928,411,278,411,688,0,0,0
485,1306,120732,95348,735745,1,1,1,126307,104603,739192,771,1117,267,1117,2049,409,267,409,662,0,0,0
486,1306,123456,116177,708822,-1,-1,-1,117705,106479,705417,791,1169,264,1169,2163,415,264,415,644,0,0,0
487,1306,116910,119765,676440,1,-1,-1,115144,115876,674412,810,1218,260,1218,2275,419,261,419,628,0,0,0
488,1306,116685,131161,647597,-1,-1,1,111933,122801,647386,826,1264,260,1264,2381,427,260,427,615,0,0,0
489,1306,115449,139626,622270,1,1,1,121681,150560,625629,840,1304,260,1304,2475,435,260,435,606,0,0,0
490,1306,128749,170658,604528,-1,-1,-1,122365,159363,601091,852,1337,270,1337,2554,456,270,456,604,0,0,0
491,1306,131091,181517,582059,1,1,-1,136173,190688,582494,862,1365,280,1365,2624,478,280,478,604,0,0,0
492,1306,148451,217021,568537,1,-1,1,147808,214875,569521,870,1389,299,1389,2682,515,299,515,613,0,0,0
493,1306,162670,244687,559920,-1,-1,1,157567,235378,559232,875,1405,323,1405,2722,559,323,559,628,0,0,0
494,1306,174648,268179,553565,1,1,1,181500,280555,557702,878,1414,349,1414,2747,605,349,605,648,0,0,0
495,1306,202887,318423,560878,1,-1,-1,200449,313149,558375,878,1414,386,1414,2744,669,386,669,682,0,0,0
496,1306,224655,354716,568997,-1,1,-1,224999,356355,567977,875,1406,426,1406,2723,736,426,736,724,0,0,0
497,1306,252898,401379,589067,-1,-1,-1,245831,388747,583742,869,1386,471,1386,2675,808,471,808,780,0,0,0
498,1306,275958,435168,613616,1,-1,-1,273288,429588,610476,859,1356,514,1356,2600,873,514,873,844,0,0,0
499,1306,305853,476046,652469,-1,1,-1,305667,476782,651099,846,1314,560,1314,2498,936,560,936,922,0,0,0
