step,state_0_int,state_1_int,state_2_int,cov_00_int,cov_01_int,cov_02_int,cov_10_int,cov_11_int,cov_12_int,cov_20_int,cov_21_int,cov_22_int
0,88499,88523,77497,5490,467,16,467,5885,-2,16,-2,5901
1,93842,132430,65070,2281,1140,57,1140,3329,20,57,20,2955
2,101539,181618,71253,1303,1204,81,1204,2661,57,81,57,1930
3,115629,221243,77281,911,1151,100,1151,2409,103,100,103,1423
4,140753,283861,90738,730,1076,118,1076,2264,150,118,150,1128
5,173534,356553,115411,644,1021,142,1021,2177,208,142,208,949
6,221304,457164,156310,599,974,174,974,2096,275,174,275,842
7,273981,563254,215375,576,937,219,937,2020,361,219,361,790
8,337955,680860,309946,559,896,272,896,1917,454,272,454,784
9,407902,794669,440318,543,845,333,845,1779,548,333,548,825
10,487636,901490,625660,526,778,394,778,1596,624,394,624,907
11,568028,965886,867386,507,692,454,692,1370,665,454,665,1029
12,635471,944604,1151968,481,584,496,584,1105,639,496,639,1165
13,684738,818292,1452326,451,463,509,463,848,533,509,533,1271
14,684346,554643,1684743,414,338,479,338,637,355,479,355,1291
15,628399,212456,1784424,377,240,408,240,519,166,408,166,1196
16,523672,-115939,1740227,348,186,314,186,486,27,314,27,1020
17,383753,-366905,1597196,332,179,216,179,501,-44,216,-44,830
18,232936,-514878,1432423,330,208,128,208,534,-69,128,-69,678
19,92162,-577325,1292379,339,256,53,256,580,-82,53,-82,579
20,-34066,-600066,1206370,358,311,-13,311,640,-103,-13,-103,528
21,-134973,-592310,1162851,380,363,-74,363,704,-138,-74,-138,513
22,-216496,-570980,1157120,401,403,-131,403,757,-183,-131,-183,526
23,-276979,-534296,1176034,418,432,-183,432,793,-230,-183,-230,559
24,-316357,-481356,1201757,430,444,-226,444,804,-268,-226,-268,602
25,-343849,-423004,1230250,436,445,-257,445,796,-291,-257,-291,643
26,-352575,-350295,1251194,439,437,-275,437,776,-297,-275,-297,675
27,-346606,-274779,1257358,438,425,-280,425,755,-289,-280,-289,690
28,-328334,-198920,1245329,434,416,-272,416,738,-271,-272,-271,687
29,-298023,-127590,1215763,434,414,-257,414,736,-251,-257,-251,671
30,-263658,-74014,1172500,435,421,-236,421,751,-232,-236,-232,645
31,-225519,-31044,1121521,439,437,-213,437,782,-214,-213,-214,614
32,-185504,1321,1066350,445,461,-189,461,827,-197,-189,-197,580
33,-151181,18886,1009397,455,492,-165,492,887,-182,-165,-182,548
34,-113602,38003,951037,467,528,-142,528,956,-168,-142,-168,520
35,-83348,44876,896628,479,566,-119,566,1033,-150,-119,-150,494
36,-59369,45988,847051,492,603,-97,603,1112,-130,-97,-130,472
37,-40257,43943,799226,503,636,-77,636,1186,-108,-77,-108,455
38,-24545,43969,756707,515,670,-59,670,1264,-87,-59,-87,442
39,-16924,33849,716881,523,699,-43,699,1331,-66,-43,-66,431
40,-10377,27513,682056,533,728,-30,728,1399,-49,-30,-49,424
41,-3632,27079,646879,539,751,-20,751,1455,-36,-20,-36,418
42,-739,21974,615291,545,770,-13,770,1505,-23,-13,-23,413
43,2065,19007,581244,548,786,-7,786,1547,-13,-7,-13,410
44,6707,22172,551934,552,801,-3,801,1588,-5,-3,-5,408
45,9294,22773,522232,554,815,2,815,1626,3,2,3,406
46,13574,28633,493232,557,829,6,829,1665,10,6,10,405
47,17088,32454,465279,556,834,11,834,1686,18,11,18,403
48,18793,34544,440843,557,843,16,843,1715,26,16,26,402
49,16322,29169,419039,559,854,20,854,1746,33,20,33,402
50,8878,13522,397573,558,858,22,858,1764,37,22,37,401
51,14286,25204,377070,559,866,19,866,1789,33,19,33,401
52,19381,34385,358519,558,869,20,869,1803,35,20,35,400
53,23729,42829,339211,560,878,23,878,1829,41,23,41,401
54,27712,51325,324170,558,879,27,879,1839,48,27,48,401
55,36748,69633,310088,556,878,32,878,1844,57,32,57,401
56,54161,105099,298437,559,887,40,887,1867,72,40,72,403
57,67546,130855,285562,558,889,53,889,1874,97,53,97,406
58,86838,166396,277088,556,887,68,887,1874,125,68,125,410
59,108575,209840,274155,553,882,88,882,1869,160,88,160,416
60,128483,249780,274748,551,879,112,879,1864,202,112,202,426
61,154160,298743,283211,550,875,137,875,1854,249,137,249,441
62,186749,361174,297338,547,866,166,866,1832,300,166,300,462
63,229466,441227,327191,545,858,201,858,1806,361,201,361,492
64,277589,527007,379760,541,841,242,841,1757,430,242,430,537
65,331462,617913,455114,538,818,291,818,1688,506,291,506,602
66,389424,702831,561271,530,780,343,780,1581,576,343,576,688
67,453388,776976,705947,519,729,396,729,1442,632,396,632,796
68,516835,818872,891504,502,657,442,657,1258,652,442,652,918
69,575663,810025,1111637,478,565,472,565,1046,623,472,623,1038
70,604852,705592,1321440,451,465,481,465,836,537,481,537,1134
71,603793,523932,1487342,420,366,457,366,663,404,457,404,1162
72,565062,291444,1569739,391,288,407,288,554,261,407,261,1116
73,492837,59352,1561794,367,240,336,240,507,140,336,140,1001
74,394811,-134398,1481456,352,227,260,227,508,65,260,65,865
75,286295,-265032,1365997,348,244,188,244,536,26,188,26,736
76,177780,-341254,1250552,357,281,126,281,586,6,126,6,636
77,82210,-374970,1153119,373,331,71,331,654,-11,71,-11,563
78,-2624,-389665,1078012,395,386,21,386,735,-34,21,-34,517
79,-72348,-388675,1024855,417,440,-27,440,821,-68,-27,-68,491
80,-129619,-385332,992758,440,490,-72,490,906,-112,-72,-112,483
81,-173085,-374350,976491,458,529,-115,529,974,-160,-115,-160,489
82,-210012,-368949,965561,474,559,-155,559,1028,-210,-155,-210,505
83,-234036,-352959,959222,483,578,-190,578,1060,-255,-190,-255,528
84,-254498,-342099,959732,489,588,-218,588,1076,-291,-218,-291,553
85,-268697,-329298,961122,494,593,-241,593,1083,-321,-241,-321,579
86,-275795,-313007,959835,495,591,-257,591,1076,-341,-257,-341,601
87,-281850,-301460,962783,495,587,-267,587,1067,-352,-267,-352,619
88,-287929,-294137,966597,493,581,-273,581,1055,-357,-273,-357,631
89,-288838,-282292,962844,491,576,-277,576,1044,-359,-277,-359,642
90,-284232,-264984,959978,488,572,-278,572,1036,-358,-278,-358,649
91,-277108,-247876,950099,487,570,-276,570,1034,-355,-276,-355,651
92,-268336,-234109,939061,486,571,-272,571,1037,-350,-272,-350,648
93,-262498,-227700,927453,487,574,-266,574,1046,-344,-266,-344,642
94,-256263,-222359,916414,488,579,-260,579,1057,-339,-260,-339,635
95,-255689,-226724,905057,489,585,-255,585,1070,-335,-255,-335,627
96,-247486,-219218,892550,490,590,-251,590,1082,-332,-251,-332,621
97,-243985,-219764,878824,493,600,-248,600,1103,-331,-248,-331,616
98,-240285,-221722,863459,496,608,-245,608,1121,-331,-245,-331,611
99,-235380,-222388,846268,498,615,-243,615,1138,-331,-243,-331,605
100,-229111,-222009,828056,502,625,-242,625,1161,-334,-242,-334,601
101,-232050,-235169,817222,504,634,-239,634,1180,-335,-239,-335,596
102,-237059,-250435,809771,505,640,-239,640,1193,-338,-239,-338,593
103,-238866,-260027,804132,509,647,-243,647,1211,-347,-243,-347,596
104,-245436,-275844,800918,510,651,-247,651,1219,-354,-247,-354,599
105,-255590,-294953,801092,510,652,-254,652,1222,-363,-254,-363,605
106,-262496,-305882,805319,508,649,-261,649,1218,-372,-261,-372,614
107,-270224,-316656,808119,506,646,-268,646,1211,-382,-268,-382,625
108,-280908,-331539,817225,504,640,-275,640,1199,-390,-275,-390,637
109,-289704,-341755,829533,502,634,-284,634,1185,-399,-284,-399,651
110,-300248,-352517,844656,501,627,-292,627,1168,-407,-292,-407,666
111,-313071,-364086,867695,498,618,-300,618,1147,-413,-300,-413,681
112,-323847,-368104,891909,496,608,-309,608,1123,-419,-309,-419,699
113,-330179,-363489,915248,491,592,-313,592,1089,-417,-313,-417,713
114,-335705,-355991,939029,488,579,-317,579,1061,-415,-317,-415,727
115,-335040,-339168,955587,483,564,-317,564,1029,-407,-317,-407,735
116,-335045,-326679,970404,480,553,-316,553,1006,-398,-316,-398,739
117,-332781,-310428,986710,476,541,-311,541,983,-385,-311,-385,738
118,-325366,-287217,993631,473,534,-306,534,968,-372,-306,-372,735
119,-318862,-268319,996964,470,528,-298,528,957,-358,-298,-358,725
120,-308610,-247534,994809,469,526,-290,526,953,-346,-290,-346,713
121,-290410,-218950,983654,469,527,-280,527,956,-335,-280,-335,698
122,-279823,-207214,971224,471,534,-269,534,969,-324,-269,-324,680
123,-264458,-191610,953496,474,543,-259,543,987,-316,-259,-316,663
124,-250250,-181109,936392,477,554,-249,554,1010,-308,-249,-308,645
125,-238089,-174813,915097,481,565,-239,565,1035,-301,-239,-301,627
126,-223893,-167137,890307,487,582,-232,582,1068,-299,-232,-299,611
127,-212132,-164380,866517,492,597,-223,597,1100,-295,-223,-295,596
128,-201242,-164252,838342,498,615,-217,615,1138,-293,-217,-293,583
129,-196428,-171921,815715,502,629,-210,629,1172,-291,-210,-291,570
130,-194085,-182623,795393,507,645,-206,645,1208,-293,-206,-293,560
131,-191558,-192655,778025,513,662,-206,662,1244,-298,-206,-298,554
132,-189998,-200448,753970,515,673,-206,673,1269,-303,-206,-303,549
133,-189969,-211377,734515,519,686,-209,686,1300,-310,-209,-310,547
134,-195881,-230092,720748,520,693,-211,693,1321,-316,-211,-316,546
135,-208774,-259891,715028,524,703,-217,703,1343,-328,-217,-328,549
136,-222875,-287400,712510,524,705,-225,705,1349,-343,-225,-343,557
137,-238345,-313584,714402,522,703,-238,703,1346,-361,-238,-361,569
138,-250660,-333470,720367,523,703,-253,703,1345,-383,-253,-383,587
139,-267330,-357659,734296,521,698,-267,698,1331,-403,-267,-403,607
140,-283258,-377837,751750,519,689,-283,689,1311,-423,-283,-423,630
141,-305766,-404478,782123,516,677,-299,677,1284,-440,-299,-440,656
142,-327190,-425699,818858,510,657,-313,657,1237,-452,-313,-452,684
143,-344153,-434599,858750,505,636,-328,636,1188,-463,-328,-463,717
144,-361200,-439138,903418,498,612,-340,612,1132,-466,-340,-466,748
145,-373890,-430936,952434,490,585,-348,585,1072,-461,-348,-461,775
146,-382732,-413253,998551,481,557,-352,557,1012,-447,-352,-447,796
147,-386617,-384217,1040691,472,529,-350,529,956,-426,-350,-426,809
148,-383741,-347017,1072538,464,504,-344,504,908,-400,-344,-400,812
149,-371900,-302176,1092559,456,484,-333,484,871,-372,-333,-372,806
150,-354669,-254534,1099538,451,470,-317,470,846,-343,-317,-343,788
151,-329704,-203989,1092834,447,462,-298,462,834,-316,-298,-316,760
152,-302457,-161900,1072561,447,465,-278,465,840,-294,-278,-294,729
153,-273455,-127748,1042294,450,476,-258,476,860,-276,-258,-276,695
154,-244464,-103053,1006801,456,493,-238,493,893,-261,-238,-261,660
155,-218641,-87543,967917,462,514,-218,514,934,-249,-218,-249,627
156,-193636,-78611,926673,469,538,-200,538,981,-238,-200,-238,596
157,-169564,-70098,885611,479,566,-184,566,1038,-230,-184,-230,569
158,-151606,-69917,848143,489,596,-170,596,1099,-222,-170,-222,544
159,-137223,-74025,807762,498,625,-159,625,1161,-215,-159,-215,524
160,-120039,-70313,768936,507,651,-149,651,1221,-210,-149,-210,507
161,-115410,-85640,736498,515,676,-139,676,1279,-203,-139,-203,491
162,-114261,-101779,705223,522,699,-133,699,1333,-200,-133,-200,480
163,-113360,-114168,676760,528,719,-131,719,1380,-201,-131,-201,473
164,-113198,-127175,649525,534,737,-131,737,1425,-205,-131,-205,467
165,-120268,-150212,624036,537,753,-133,753,1465,-211,-133,-211,463
166,-122969,-162326,601974,541,767,-138,767,1501,-224,-138,-224,463
167,-131552,-184744,582947,545,779,-145,779,1533,-238,-145,-238,466
168,-139516,-202793,567093,544,782,-153,782,1547,-252,-153,-252,469
169,-156623,-237966,559226,545,789,-163,789,1565,-271,-163,-271,476
170,-173855,-269041,554823,544,790,-178,790,1569,-295,-178,-295,486
171,-196998,-310436,558160,542,786,-195,786,1562,-323,-195,-323,500
172,-223489,-355716,567679,539,778,-216,778,1546,-356,-216,-356,521
173,-256739,-409965,592643,535,767,-241,767,1519,-394,-241,-394,549
174,-287324,-454809,627614,531,752,-271,752,1481,-437,-271,-437,588
175,-321127,-497374,675570,527,732,-302,732,1429,-477,-302,-477,636
176,-360815,-545949,741481,518,701,-331,701,1353,-507,-331,-507,690
177,-391647,-567007,818796,507,663,-360,663,1260,-529,-360,-529,752
178,-423733,-576980,911872,496,619,-383,619,1158,-535,-383,-535,814
179,-445437,-557838,1005612,484,572,-400,572,1050,-524,-400,-524,875
180,-461830,-519903,1098595,470,521,-405,521,942,-491,-405,-491,918
181,-466709,-455167,1180375,453,471,-398,471,843,-441,-398,-441,940
182,-456101,-366234,1238656,437,426,-380,426,763,-380,-380,-380,936
183,-430943,-265781,1268090,424,392,-352,392,707,-319,-352,-319,906
184,-389747,-163407,1260515,416,372,-318,372,680,-265,-318,-265,857
185,-339084,-75508,1222340,410,367,-280,367,676,-222,-280,-222,792
186,-286383,-9037,1172196,411,379,-242,379,698,-192,-242,-192,727
187,-231069,39179,1111872,417,402,-205,402,738,-170,-205,-170,663
188,-175256,75334,1046732,429,436,-172,436,797,-154,-172,-154,610
189,-130463,88202,985631,441,475,-139,475,868,-136,-139,-136,562
190,-88812,97934,929341,456,517,-111,517,949,-118,-111,-118,524
191,-52118,105410,878055,474,562,-85,562,1039,-98,-85,-98,493
192,-24249,105038,831255,489,604,-59,604,1125,-74,-59,-74,469
193,-692,105824,787263,505,645,-35,645,1210,-47,-35,-47,451
194,14781,100270,748086,516,678,-14,678,1283,-19,-14,-19,437
195,32581,106138,708062,527,709,5,709,1355,7,5,7,429
196,44445,107526,671617,535,734,23,734,1413,34,23,34,423
197,59146,118535,641231,540,754,39,754,1464,59,39,59,420
198,66400,120552,611508,544,770,55,770,1506,86,55,86,420
199,83232,143836,584457,547,784,68,784,1543,109,68,109,421
200,99170,167938,560990,549,796,85,796,1576,137,85,137,424
201,122469,202962,545314,551,806,103,806,1604,168,103,168,430
202,140629,231718,533372,549,807,125,807,1612,205,125,205,440
203,154842,254146,523841,551,812,148,812,1626,245,148,245,454
204,180267,297413,525127,549,809,169,809,1622,282,169,282,469
205,203672,336082,531032,546,801,194,801,1607,323,194,323,491
206,227624,374941,544254,542,791,221,791,1584,366,221,366,518
207,257338,422905,566303,538,777,248,777,1550,408,248,408,551
208,293235,475388,607140,534,763,278,763,1509,452,278,452,594
209,328331,520630,661094,529,741,311,741,1451,495,311,495,646
210,367953,566573,730998,520,709,342,709,1370,528,342,528,705
211,404514,594458,818274,510,668,373,668,1271,551,373,551,772
212,436191,601135,917537,498,621,398,621,1159,556,398,556,843
213,461605,584109,1021508,483,567,413,567,1037,537,413,537,904
214,477253,534292,1125733,465,509,416,509,918,494,416,494,948
215,481853,460136,1219302,448,455,406,455,814,436,406,436,968
216,469210,358324,1280398,432,408,385,408,731,367,385,367,960
217,436779,241966,1302269,418,372,353,372,677,299,353,299,922
218,387510,128125,1283337,408,353,313,353,652,241,313,241,861
219,334193,40321,1241394,404,352,270,352,656,198,270,198,789
220,275719,-27494,1180021,406,366,228,366,682,168,228,168,717
221,215169,-75527,1113127,413,394,190,394,729,148,190,148,652
222,160402,-102150,1045037,425,430,155,430,791,131,155,131,595
223,108691,-123127,982920,440,473,123,473,869,115,123,115,549
224,65916,-131813,925725,456,519,92,519,954,95,92,95,512
225,27446,-138406,873965,474,566,64,566,1046,71,64,71,484
226,-2127,-138410,826976,490,608,36,608,1133,42,36,42,462
227,-25160,-135197,785405,505,649,10,649,1218,11,10,11,446
228,-44191,-137299,747171,516,680,-13,680,1289,-21,-13,-21,436
229,-63819,-145515,710074,528,710,-34,710,1358,-53,-34,-53,430
230,-76491,-147872,677721,535,733,-55,733,1413,-85,-55,-85,428
231,-90009,-159397,649655,539,750,-73,750,1457,-114,-73,-114,428
232,-103007,-171681,626962,543,765,-91,765,1494,-144,-91,-144,431
233,-117543,-189830,606460,546,775,-108,775,1523,-173,-108,-173,436
234,-135120,-215019,591637,549,787,-126,787,1551,-204,-126,-204,444
235,-150422,-236472,579096,547,788,-145,788,1559,-236,-145,-236,454
236,-175014,-277367,574388,549,793,-165,793,1571,-270,-165,-270,468
237,-194853,-309537,574376,546,789,-187,789,1565,-308,-187,-308,487
238,-215297,-340841,579953,542,780,-211,780,1547,-345,-211,-345,510
239,-244298,-387747,598250,539,771,-235,771,1525,-382,-235,-382,537
240,-273786,-429691,626711,534,756,-262,756,1488,-421,-262,-421,572
241,-307405,-477730,669871,530,740,-292,740,1444,-462,-292,-462,616
242,-340923,-516411,725987,521,711,-320,711,1373,-494,-320,-494,666
243,-374771,-546611,795783,511,676,-346,676,1288,-517,-346,-517,722
244,-407498,-563422,879576,501,634,-371,634,1192,-528,-371,-528,782
245,-436440,-561753,973406,489,590,-390,590,1090,-524,-390,-524,841
246,-451922,-523496,1067033,474,538,-399,538,979,-498,-399,-498,889
247,-460107,-466405,1150174,458,488,-395,488,877,-454,-395,-454,917
248,-451829,-385212,1208542,444,444,-383,444,794,-401,-383,-401,925
249,-429942,-289920,1243849,432,410,-360,410,735,-343,-360,-343,905
250,-397950,-200172,1246174,422,385,-328,385,699,-288,-328,-288,862
251,-350931,-111634,1220085,416,377,-293,377,689,-244,-293,-244,807
252,-299273,-39467,1175843,415,383,-257,383,703,-210,-257,-210,744
253,-246017,13464,1119913,419,403,-222,403,739,-187,-222,-187,684
254,-195207,48156,1060078,428,433,-188,433,791,-169,-188,-169,628
255,-149109,69357,997920,439,468,-157,468,856,-153,-157,-153,579
256,-109784,77951,941646,453,509,-128,509,933,-136,-128,-136,538
257,-72433,87312,887957,468,550,-102,550,1014,-118,-102,-118,505
258,-44963,85991,836205,484,594,-77,594,1102,-97,-77,-97,479
259,-22994,83806,790624,498,632,-54,632,1184,-73,-54,-73,458
260,-5223,81745,748814,512,670,-35,670,1267,-49,-35,-49,443
261,8747,79289,710290,522,700,-16,700,1335,-25,-16,-25,432
262,19763,77004,676698,533,730,0,730,1404,-2,0,-2,425
263,24130,68691,642217,540,752,14,752,1460,19,14,19,420
264,36396,78609,610417,544,770,23,770,1506,35,23,35,416
265,44434,84391,581400,547,786,34,786,1548,54,34,54,413
266,56380,101652,554751,551,800,44,800,1586,72,44,72,413
267,63296,109066,532649,554,813,56,813,1621,93,56,93,413
268,70586,118867,510214,557,824,68,824,1652,113,68,113,415
269,82525,139516,491295,555,829,79,829,1670,132,79,132,417
270,93731,158230,472145,556,836,92,836,1690,156,92,156,421
271,114556,196157,457166,554,836,105,836,1697,180,105,180,426
272,136663,236574,449032,556,842,124,842,1715,214,124,214,436
273,152835,264660,444956,555,841,148,841,1715,254,148,254,450
274,178843,312537,446972,551,835,171,835,1703,293,171,293,467
275,201940,352387,457268,546,825,197,825,1681,337,197,337,491
276,232594,404289,481213,543,813,224,813,1655,382,224,382,520
277,266178,456993,515215,540,799,256,799,1616,431,256,431,558
278,304217,514288,563117,532,774,288,774,1552,476,288,476,604
279,350435,578761,634132,527,749,324,749,1483,523,324,523,665
280,397704,631968,730798,518,710,361,710,1382,561,361,561,738
281,446190,670679,853437,507,663,397,663,1261,584,397,584,823
282,479261,658325,982723,491,599,424,599,1112,578,424,578,908
283,509974,621423,1123157,472,531,437,531,965,541,437,541,978
284,521233,535644,1244990,449,460,432,460,823,472,432,472,1019
285,512412,413097,1337895,430,397,412,397,713,388,412,388,1025
286,482812,271399,1385357,410,347,375,347,637,298,375,298,985
287,432057,128772,1379170,396,316,327,316,598,221,327,221,915
288,360790,272,1321725,388,307,275,307,592,164,275,164,826
289,286934,-90195,1246377,386,320,223,320,616,128,223,128,736
290,211835,-149945,1163119,394,350,176,350,664,106,176,106,658
291,142441,-186276,1087265,407,391,134,391,731,88,134,88,593
292,84089,-199510,1016983,424,440,96,440,813,69,96,69,542
293,29891,-209508,956308,444,491,60,491,903,46,60,46,504
294,-15404,-214293,902957,462,539,26,539,994,16,26,16,476
295,-48018,-210600,857566,480,585,-8,585,1085,-20,-8,-20,458
296,-78461,-214725,819287,497,626,-39,626,1170,-59,-39,-59,449
297,-103692,-219948,789186,509,658,-68,658,1237,-100,-68,-100,446
298,-128432,-234058,761698,520,686,-96,686,1298,-142,-96,-142,449
299,-144636,-238822,738054,526,704,-123,704,1341,-184,-123,-184,457
300,-168173,-262534,722250,531,719,-147,719,1376,-222,-147,-222,468
301,-185010,-278500,713273,533,727,-172,727,1396,-261,-172,-261,483
302,-206732,-306057,708960,532,727,-193,727,1398,-296,-193,-296,500
303,-230020,-335709,711079,533,728,-217,728,1400,-333,-217,-333,524
304,-252941,-364212,720780,531,720,-240,720,1384,-368,-240,-368,551
305,-270827,-381506,736919,526,709,-263,709,1356,-400,-263,-400,582
306,-288685,-399519,759288,523,696,-284,696,1324,-427,-284,-427,615
307,-313375,-425760,790836,518,679,-303,679,1286,-448,-303,-448,650
308,-334734,-442628,828131,510,656,-320,656,1232,-463,-320,-463,685
309,-355153,-452275,875247,505,633,-337,633,1178,-474,-337,-474,723
310,-369878,-446559,924954,497,606,-350,606,1116,-476,-350,-476,760
311,-381020,-432981,976274,488,576,-357,576,1050,-466,-357,-466,789
312,-393516,-415535,1029038,479,546,-358,546,988,-448,-358,-448,811
313,-393370,-377258,1070213,470,517,-356,517,929,-424,-356,-424,824
314,-383528,-328998,1094090,461,492,-347,492,880,-393,-347,-393,825
315,-370608,-279990,1111054,454,474,-332,474,847,-362,-332,-362,813
316,-347726,-225619,1109940,449,462,-314,462,828,-332,-314,-332,790
317,-320121,-176460,1094607,446,457,-292,457,823,-304,-292,-304,757
318,-290800,-137539,1067147,447,464,-269,464,836,-282,-269,-282,720
319,-259465,-104405,1033081,449,476,-246,476,859,-262,-246,-262,681
320,-229168,-81663,990561,453,494,-224,494,895,-246,-224,-246,643
321,-203386,-70878,951109,462,520,-205,520,946,-236,-205,-236,609
322,-178745,-61974,911660,471,547,-187,547,1000,-226,-187,-226,578
323,-154977,-54187,869498,480,575,-171,575,1059,-217,-171,-217,552
324,-136579,-54725,830345,490,604,-156,604,1121,-208,-156,-208,528
325,-126068,-66707,794145,500,633,-144,633,1184,-199,-144,-199,508
326,-117363,-75387,758523,509,659,-135,659,1243,-194,-135,-194,492
327,-106426,-77724,723074,520,688,-129,688,1308,-192,-129,-192,481
328,-99066,-82413,689082,528,712,-124,712,1364,-190,-124,-190,471
329,-95714,-92274,658755,533,733,-119,733,1414,-187,-119,-187,463
330,-97027,-106489,627508,538,751,-117,751,1460,-186,-117,-186,457
331,-102524,-125725,603549,543,768,-117,768,1503,-190,-117,-190,453
332,-108492,-143357,581634,547,783,-122,783,1541,-200,-122,-200,452
333,-118241,-165970,560290,547,790,-128,790,1562,-211,-128,-211,453
334,-132011,-196679,544026,549,798,-137,798,1587,-228,-137,-228,456
335,-143801,-219653,531453,547,799,-149,799,1595,-250,-149,-250,462
336,-160306,-250364,519944,548,805,-164,805,1610,-275,-164,-275,471
337,-177531,-282533,517650,546,803,-181,803,1610,-304,-181,-304,485
338,-202531,-328858,523171,542,797,-199,797,1597,-335,-199,-335,502
339,-234024,-384041,540473,539,789,-222,789,1578,-372,-222,-372,525
340,-263921,-430516,568175,536,776,-252,776,1545,-415,-252,-415,558
341,-303090,-489078,613663,532,759,-283,759,1500,-458,-283,-458,601
342,-343470,-543409,677421,524,730,-315,730,1429,-498,-315,-498,655
343,-385483,-590433,760693,517,699,-351,699,1347,-536,-351,-536,722
344,-423475,-612912,857284,506,655,-384,655,1239,-558,-384,-558,798
345,-454569,-608487,964885,491,599,-405,599,1110,-552,-405,-552,869
346,-483512,-584437,1084384,474,540,-416,540,982,-523,-416,-523,927
347,-493867,-515125,1192381,456,479,-416,479,859,-471,-416,-471,968
348,-488213,-415518,1274389,439,424,-401,424,757,-403,-401,-403,979
349,-464733,-298647,1321095,423,380,-373,380,684,-329,-373,-329,956
350,-426684,-181246,1327521,410,350,-335,350,644,-260,-335,-260,903
351,-376558,-73294,1304226,401,337,-291,337,631,-205,-291,-205,831
352,-312371,18989,1244563,399,342,-248,342,644,-166,-248,-166,755
353,-249580,78746,1173211,402,363,-205,363,678,-141,-205,-141,681
354,-188120,116946,1100108,412,396,-166,396,735,-123,-166,-123,618
355,-130874,139122,1030872,426,438,-130,438,805,-107,-130,-107,565
356,-82352,148408,965974,443,484,-98,484,888,-89,-98,-89,524
357,-38772,156349,909804,460,530,-67,530,976,-66,-67,-66,492
358,-4184,157655,861816,478,577,-38,577,1069,-39,-38,-39,468
359,23000,155642,815829,495,621,-10,621,1160,-8,-10,-8,451
360,48176,159770,773909,508,657,16,657,1239,25,16,25,440
361,62736,153193,738318,520,691,41,691,1312,60,41,60,434
362,86858,171978,707274,528,716,61,716,1371,91,61,91,432
363,104910,186157,679520,534,733,83,733,1416,126,83,126,433
364,125055,207721,657354,536,747,104,747,1450,161,104,161,437
365,133543,213440,635464,540,759,126,759,1479,198,126,198,446
366,154191,241654,621084,543,768,145,768,1503,230,145,230,456
367,169879,263429,613063,545,775,166,775,1521,267,166,267,472
368,184710,283474,607061,543,773,186,773,1520,300,186,300,489
369,207777,320327,608850,541,768,205,768,1511,331,205,331,507
370,238391,368275,622720,538,760,227,760,1494,364,227,364,530
371,266494,408881,646627,533,747,253,747,1464,402,253,402,562
372,297645,452008,684777,529,732,281,732,1425,441,281,441,601
373,330523,493080,735741,524,711,310,711,1371,477,310,477,649
374,352357,506831,789289,515,680,337,680,1294,502,337,502,703
375,378614,520354,853014,505,645,357,645,1212,514,357,514,753
376,404742,523694,928620,494,607,373,607,1125,513,373,513,802
377,424656,507871,1004969,483,567,385,567,1035,500,385,500,848
378,441851,479684,1087475,470,523,387,523,943,469,387,469,878
379,442603,421201,1152009,457,482,384,482,862,430,384,430,898
380,429326,342447,1190616,445,444,369,444,794,380,369,380,895
381,407788,263216,1211258,435,418,345,418,750,332,345,332,872
382,371485,181066,1201968,427,401,315,401,725,285,315,285,830
383,332522,114884,1177457,423,398,282,398,724,248,282,248,777
384,287267,57081,1133168,425,409,250,409,745,222,250,222,723
385,244019,19058,1085604,430,428,219,428,780,201,219,201,669
386,200702,-8903,1028340,439,457,192,457,834,187,192,187,622
387,162926,-22385,972088,450,490,165,490,897,173,165,173,579
388,125267,-35968,918446,463,528,142,528,970,161,142,161,542
389,91270,-45839,867641,476,567,119,567,1047,145,119,145,512
390,69429,-42027,820052,491,608,98,608,1132,128,98,128,487
391,52081,-35341,778042,504,645,80,645,1211,110,80,110,467
392,40141,-26397,739240,518,681,64,681,1290,93,64,93,452
393,27253,-24861,700037,527,709,51,709,1357,78,51,78,439
394,15558,-26697,660766,534,733,40,733,1416,63,40,63,429
395,9241,-22637,625561,539,754,28,754,1468,48,28,48,422
396,1132,-25948,589742,543,771,19,771,1514,34,19,34,416
397,-3157,-24749,559721,546,787,11,787,1557,20,11,20,411
398,-2812,-18523,528854,549,801,5,801,1597,9,5,9,409
399,-1426,-11454,501898,551,815,0,815,1634,2,0,2,407
400,-1294,-10264,472888,554,828,-2,828,1671,-2,-2,-2,405
401,-12533,-29013,447241,557,841,-3,841,1707,-5,-3,-5,404
402,-13650,-28829,424265,556,845,-8,845,1726,-15,-8,-15,402
403,-22883,-44307,401459,557,854,-13,854,1754,-22,-13,-22,402
404,-25457,-48263,381769,555,857,-19,857,1769,-34,-19,-34,401
405,-31691,-59090,363008,557,866,-25,866,1795,-45,-25,-45,401
406,-34298,-62991,345073,556,867,-32,867,1806,-57,-32,-57,401
407,-40350,-74623,326725,558,876,-39,876,1831,-70,-39,-70,401
408,-41970,-77313,312545,557,878,-46,878,1841,-82,-46,-82,402
409,-50839,-93756,300041,560,886,-52,886,1863,-93,-52,-93,404
410,-60422,-114000,287146,557,886,-59,886,1868,-107,-59,-107,406
411,-65446,-124572,276363,555,886,-69,886,1874,-126,-69,-126,409
412,-79309,-151300,265463,554,885,-79,885,1875,-143,-79,-143,412
413,-91428,-176229,258797,556,891,-92,891,1890,-168,-92,-168,417
414,-112693,-219860,257713,555,890,-107,890,1891,-196,-107,-196,424
415,-144183,-281503,262354,554,888,-127,888,1886,-233,-127,-233,436
416,-170285,-330596,275558,551,881,-156,881,1871,-285,-156,-285,455
417,-206360,-399228,298203,548,872,-187,872,1845,-340,-187,-340,481
418,-247800,-475832,338209,546,859,-225,859,1807,-404,-225,-404,518
419,-289310,-546547,390302,543,840,-269,840,1752,-474,-269,-474,571
420,-344392,-635237,473130,535,810,-313,810,1666,-539,-313,-539,636
421,-406443,-726128,587951,526,767,-362,767,1548,-600,-362,-600,723
422,-475009,-803569,747868,510,705,-409,705,1386,-639,-409,-639,830
423,-540682,-837219,950996,492,627,-451,627,1193,-648,-451,-648,955
424,-587558,-794829,1170049,468,533,-478,533,978,-603,-478,-603,1075
425,-611250,-669741,1375192,441,433,-479,433,778,-502,-479,-502,1156
426,-603951,-473376,1530629,410,338,-447,338,622,-361,-447,-361,1163
427,-558693,-231742,1598156,383,267,-390,267,530,-219,-390,-219,1096
428,-474838,4246,1565841,361,227,-316,227,498,-108,-316,-108,972
429,-370443,185730,1466341,348,221,-238,221,507,-42,-238,-42,829
430,-257621,306006,1347726,347,244,-168,244,542,-11,-168,-11,705
431,-147677,372196,1236136,357,285,-106,285,595,7,-106,7,610
432,-51934,399053,1142816,375,338,-51,338,665,25,-51,25,545
433,34120,412904,1076836,398,393,-1,393,747,52,-1,52,506
434,104596,413558,1032856,420,446,48,446,830,89,48,89,488
435,160356,406185,1007128,441,492,95,492,908,137,95,137,489
436,210151,405229,999696,458,525,138,525,967,187,138,187,502
437,240681,386861,999863,471,550,180,550,1007,238,180,238,527
438,264184,369077,1004875,480,563,214,563,1026,280,214,280,555
439,282716,352760,1008589,486,569,241,569,1031,312,241,312,585
440,291086,328396,1013711,487,566,260,566,1023,334,260,334,611
441,296029,305583,1018565,485,560,272,560,1009,344,272,344,631
442,291587,275937,1014585,483,553,277,553,996,347,277,347,645
443,287491,254693,1009210,482,549,276,549,988,345,276,345,651
444,280961,234737,1002329,482,548,272,548,986,339,272,339,651
445,273598,219925,987941,482,549,266,549,989,332,266,332,646
446,263928,206086,973548,483,553,260,553,999,325,260,325,639
447,250831,190909,956056,484,560,253,560,1013,319,253,319,629
448,240688,183929,934772,486,568,244,568,1032,312,244,312,617
449,227731,172790,911343,488,577,236,577,1054,306,236,306,605
450,219330,173725,886657,492,591,229,591,1085,302,229,302,593
451,209241,171484,861048,496,603,222,603,1113,299,222,299,581
452,201380,171769,837135,501,619,217,619,1148,298,217,298,571
453,197707,181858,812671,504,632,212,632,1178,296,212,296,562
454,194225,191362,792563,509,648,210,648,1213,299,210,299,555
455,193273,200021,772515,514,664,210,664,1247,305,210,305,552
456,186600,197663,751014,516,674,210,674,1271,309,210,309,549
457,191453,213955,737484,519,686,209,686,1300,312,209,312,547
458,200078,237347,727408,520,693,212,693,1319,318,212,318,546
459,215637,268557,722251,524,701,219,701,1339,331,219,331,550
460,227256,288325,721092,523,702,230,702,1342,348,230,348,559
461,240208,311416,722175,522,700,242,700,1338,366,242,366,572
462,257546,338663,733010,519,694,254,694,1326,383,254,383,587
463,274703,364095,748551,517,686,269,686,1307,402,269,402,608
464,292362,385878,771215,514,676,285,676,1283,421,285,421,632
465,311592,406404,797544,510,663,301,663,1252,438,301,438,660
466,335677,430865,837681,507,647,316,647,1214,453,316,453,691
467,352105,436367,876401,501,623,331,623,1161,461,331,461,724
468,366715,434435,921795,496,601,344,601,1109,464,344,464,757
469,380311,428313,972722,488,575,351,575,1051,457,351,457,783
470,386855,406320,1016792,480,548,354,548,992,442,354,442,804
471,385255,371060,1050477,471,521,351,521,938,420,351,420,816
472,381948,334675,1082582,463,498,342,498,894,393,342,393,815
473,367034,285927,1097281,456,480,330,480,860,364,330,364,805
474,345923,233676,1098199,451,468,313,468,840,335,313,335,784
475,319229,185075,1085028,447,464,292,464,834,308,292,308,753
476,294389,150518,1067036,449,469,271,469,846,287,271,287,719
477,269141,122923,1037155,452,482,251,482,870,270,251,270,685
478,235431,91951,997334,458,499,231,499,903,257,231,257,651
479,208433,76585,959429,465,522,212,522,947,244,212,244,617
480,184398,69455,919180,474,549,195,549,1002,235,195,235,587
481,165860,70352,879062,482,574,179,574,1056,225,179,225,559
482,152118,77256,841908,491,601,166,601,1115,218,166,218,536
483,143119,90472,805952,500,627,156,627,1172,213,156,213,518
484,131944,94001,771380,507,653,150,653,1227,211,150,211,504
485,129494,109736,740070,514,677,144,677,1281,210,144,210,492
486,122402,113923,706481,521,698,142,698,1331,213,142,213,484
487,118470,120481,676964,527,717,141,717,1378,215,141,215,477
488,118061,131814,651208,532,734,140,734,1420,218,140,218,473
489,126493,157648,628673,537,750,140,750,1460,223,140,223,470
490,129953,170983,606610,541,763,146,763,1493,235,146,235,471
491,140428,195981,588315,545,775,152,775,1524,249,152,249,473
492,152237,221041,576212,544,779,162,779,1538,265,162,265,477
493,161733,241293,566469,545,786,175,786,1555,288,175,288,485
494,179610,274697,562186,544,786,187,786,1558,310,187,310,495
495,201136,312922,561738,541,781,203,781,1548,335,203,335,509
496,225183,355424,570969,539,774,223,774,1536,366,223,366,530
497,250887,396782,590211,535,763,246,763,1511,400,246,400,557
498,276467,433492,618244,531,750,272,750,1478,436,272,436,592
499,308411,479086,657040,527,733,298,733,1433,471,298,471,633
